status,credit_history,purpose,savings,employment_duration,installment_rate,personal_status_sex,other_debtors,present_residence,property,other_installment_plans,housing,number_credits,job,people_liable,foreign_worker,credit_risk
1.0,4.0,1.0,1.0,0.0,1.0,3.0,2.0,2.0,1.0,1.0,2.0,0.0,1.0,0.0,0.0,1
0.0,4.0,5.0,4.0,4.0,1.0,3.0,2.0,3.0,2.0,0.0,1.0,0.0,0.0,0.0,0.0,1
1.9083247938151036,4.0,2.0,4.0,2.0,1.545837603092448,1.454162396907552,0.9083247938151036,2.454162396907552,1.0,1.0,2.0,0.0,3.0,0.5458376030924482,0.0,0
2.0,0.0,4.0,1.0,0.0,0.0,3.0,2.0,0.0,0.0,1.0,2.0,1.0,1.0,0.0,0.0,1
3.0,0.727178097575533,5.0,4.0,2.272821902424467,2.0,3.0,2.0,0.272821902424467,0.272821902424467,0.272821902424467,2.0,1.0,1.0,0.0,0.0,0
0.5219962736299825,4.0,4.0,4.0,1.4780037263700176,1.5219962736299824,3.0,2.0,0.9560074527400351,0.0,1.0,2.0,0.0,1.0,0.0,0.0,0
3.0,4.0,2.0,1.0,3.0,2.0,3.0,2.0,3.0,1.0,1.0,2.0,0.0,1.0,0.0,0.0,0
1.0,0.0,1.0,1.0,3.0,1.0,3.0,2.0,3.0,2.0,1.0,1.0,1.0,1.0,0.0,0.0,1
1.0,4.0,7.0,0.0,0.0,0.0,3.0,2.0,0.0,1.0,1.0,2.0,0.0,0.0,0.0,0.0,0
3.0,1.0,4.728347232393854,4.0,0.7283472323938541,2.0,2.7283472323938542,2.0,2.7283472323938542,2.0,0.2716527676061459,1.0,0.7283472323938541,2.4566944647877085,0.7283472323938541,0.0,0
0.0,0.0,8.0,4.0,4.0,0.0,1.0,2.0,1.0,0.0,1.0,2.0,2.0,2.0,1.0,0.0,1
1.0,3.0,8.0,4.0,2.0,3.0,2.0,2.0,2.0,0.0,1.0,2.0,1.0,1.0,0.0,0.0,0
2.0,4.0,4.0,4.0,0.0,2.0,3.0,2.0,2.0,0.0,1.0,2.0,0.0,1.0,0.0,0.0,1
0.0,4.0,5.0,2.3478749460632145,3.550708351312262,2.550708351312262,3.0,2.0,0.0,1.449291648687738,1.0,1.550708351312262,0.0,1.1014167026245238,0.0,0.0,0
0.0,3.0,5.0,4.0,4.0,2.0,3.0,2.0,3.0,1.0,1.0,2.0,0.0,0.0,0.0,0.0,0
2.0,0.0,7.0,4.0,0.0,1.0,0.0,2.0,3.0,1.0,1.0,2.0,0.0,3.0,0.0,0.0,1
1.0,0.0,5.0,1.0,2.0,1.0,2.0,2.0,3.0,3.0,1.0,2.0,1.0,1.0,0.0,0.0,1
0.0,0.0,2.0,4.0,1.0,1.0,3.0,2.0,0.0,1.0,1.0,2.0,0.0,1.0,0.0,0.0,0
2.0,4.0,4.0,4.0,0.0,1.0,0.0,2.0,0.0,0.0,1.0,0.0,0.0,3.0,0.0,0.0,1
0.0,3.0,1.0,1.0,1.0,0.0,3.0,2.0,3.0,1.0,0.0,0.0,1.0,0.0,1.0,0.0,1
3.0,4.0,1.0,4.0,1.0,2.0,3.0,2.0,3.0,2.0,1.0,1.0,2.0,1.0,1.0,0.0,0
3.0,4.0,5.0,4.0,0.0,0.0,3.0,2.0,0.0,0.0,1.0,2.0,0.0,3.0,0.0,0.0,0
0.0,0.0,5.0,4.0,2.0,2.0,2.0,2.0,3.0,0.0,1.0,2.0,1.0,1.0,0.0,0.0,0
1.0,4.0,4.0,4.0,1.0,2.0,3.0,2.0,0.0,0.0,1.0,0.0,1.0,0.0,1.0,0.0,1
0.0,0.0,3.2357533838350476,4.0,1.3821233080824762,1.0,3.0,1.3821233080824762,0.0,3.0,1.0,2.0,1.0,1.7642466161649524,0.0,0.0,0
2.98312832662996,4.0,5.0,0.9831283266299603,1.0337433467400794,2.01687167337004,0.0,2.0,3.0,2.0,1.0,0.016871673370039697,0.0,1.0337433467400794,0.016871673370039697,0.0,0
3.0,1.9319259260252797,5.0,4.0,2.9319259260252797,2.0,3.0,2.0,0.9319259260252798,0.0,0.9319259260252798,0.1361481479494404,1.0,1.0,0.9319259260252798,0.0,0
3.0,0.0,2.0,4.0,0.2953711564134147,2.0,0.0,1.7046288435865853,3.0,2.8523144217932925,1.0,0.0,1.0,1.2953711564134147,0.0,0.0,0
3.0,1.1070041401937916,5.0,4.0,0.8929958598062084,2.0,3.0,2.0,3.0,1.7859917196124169,0.0,1.1070041401937916,1.0,2.785991719612417,0.8929958598062084,0.0,0
3.0,4.0,5.0,4.0,1.4706489492139094,2.0,0.0,2.0,3.0,0.47064894921390954,1.0,0.0,0.5293510507860905,1.0,0.0,0.0,0
1.0,4.0,2.0,1.0,1.0,3.0,0.0,2.0,3.0,3.0,0.0,0.0,0.0,3.0,0.0,0.0,1
3.0,4.0,7.249404977071013,4.0,2.0,1.501190045857975,0.0,2.0,3.0,1.0,1.0,1.501190045857975,0.0,1.0,0.0,0.0,0
0.0,0.07685969091700295,1.923140309082997,4.0,0.0,1.076859690917003,0.0,2.0,0.9615701545414985,0.03842984545850148,0.9615701545414985,2.0,0.0,0.0,0.0,0.03842984545850148,0
1.0,4.0,4.0,4.0,0.0,2.0,3.0,2.0,0.0,3.0,0.0,2.0,1.0,1.0,0.0,0.0,1
3.0,4.0,2.0,4.0,3.0,2.0,3.0,2.0,0.0,0.6288984390617004,1.0,0.7422031218765992,0.0,0.3711015609382996,0.3711015609382996,0.0,0
3.0,0.0,5.0,4.0,3.0,3.0,0.0,2.0,3.0,2.0,1.0,2.0,1.0,1.0,0.0,0.0,1
1.0,4.0,4.0,0.0,3.0,0.0,3.0,0.0,3.0,0.0,1.0,2.0,0.0,1.0,0.0,0.0,1
3.0,0.0,5.0,4.0,3.0,1.0,3.0,2.0,3.0,2.0,1.0,1.0,2.0,0.0,0.0,0.0,1
0.0,4.0,4.0,2.0,2.0,3.0,1.0,2.0,1.0,3.0,1.0,0.0,0.0,1.0,0.0,0.0,1
3.0,0.0,8.0,0.0,1.0,2.0,3.0,2.0,2.0,3.0,1.0,2.0,1.0,1.0,0.0,0.0,1
3.0,1.0,2.0,4.0,3.0,2.0,3.0,2.0,3.0,0.0,0.0,2.0,0.0,1.0,0.0,0.0,0
3.0,1.0,4.0,4.0,2.0,0.0,3.0,0.0,3.0,2.0,0.0,1.0,0.0,0.0,0.0,0.0,1
0.0,1.0,8.0,0.0,1.0,2.0,3.0,2.0,0.0,0.0,1.0,2.0,0.0,1.0,0.0,0.0,1
1.0,4.0,4.0,2.0,3.0,2.0,3.0,2.0,1.0,1.0,2.0,2.0,0.0,1.0,0.0,0.0,1
0.0,3.0,5.0,0.0,3.0,2.0,3.0,2.0,1.0,2.0,1.0,1.0,0.0,1.0,0.0,0.0,1
1.0,4.0,6.0,2.0,0.0,3.0,2.0,2.0,3.0,3.0,1.0,2.0,0.0,1.0,0.0,0.0,1
3.0,4.0,2.0,0.0,4.0,3.0,2.0,2.0,2.0,1.0,1.0,2.0,0.0,1.0,0.0,0.0,0
0.0,0.0,2.0,4.0,4.0,2.0,3.0,2.0,3.0,1.0,2.0,2.0,1.0,0.0,0.0,0.0,1
2.1746583853950057,4.0,4.825341614604994,0.0,2.6506832292099887,2.8253416146049943,0.17465838539500578,2.0,2.8253416146049943,1.8253416146049943,1.0,1.1746583853950057,0.0,2.6506832292099887,0.8253416146049942,0.0,0
0.0,0.0,8.0,4.0,1.0,1.0,0.0,2.0,2.0,3.0,0.0,2.0,1.0,3.0,0.0,0.0,1
0.0,4.0,2.0,0.0,3.0,2.0,3.0,2.0,3.0,2.0,1.0,1.0,0.0,1.0,0.0,0.0,1
0.0,1.0,5.0,0.0,0.0,1.0,1.0,2.0,0.0,1.0,1.0,0.0,0.0,1.0,0.0,0.0,0
3.0,4.0,4.0,4.0,1.0,0.0,3.0,2.0,3.0,3.0,1.0,2.0,0.0,1.0,0.0,0.0,1
1.0,0.0,2.0,4.0,2.0,2.0,0.0,2.0,3.0,1.0,1.0,2.0,0.0,1.0,0.0,0.0,1
0.587599635196389,0.412400364803611,4.412400364803611,0.587599635196389,2.587599635196389,2.412400364803611,0.0,2.0,1.412400364803611,1.0,1.412400364803611,2.0,0.0,3.0,0.587599635196389,0.0,0
1.0,0.0,2.0,1.0,3.0,1.0,3.0,2.0,3.0,1.0,1.0,0.0,0.0,1.0,0.0,1.0,1
0.0,4.0,4.0,4.0,0.0,1.0,3.0,1.0,0.0,3.0,1.0,2.0,0.0,1.0,0.0,1.0,1
3.0,0.0,4.0,4.0,1.0,3.0,0.0,2.0,3.0,0.0,1.0,2.0,0.0,1.0,0.0,0.0,1
0.0,4.0,4.0,4.0,3.0,2.0,0.0,2.0,3.0,0.0,1.0,2.0,0.0,1.0,0.0,0.0,1
0.0,4.0,1.0,4.0,0.0,3.0,0.0,2.0,3.0,0.0,1.0,0.0,1.0,0.0,0.0,0.0,0
1.0,4.0,1.0,1.0,3.0,2.0,3.0,2.0,3.0,3.0,1.0,2.0,0.0,0.0,0.0,0.0,1
1.0,0.0,2.0,1.0,0.0,1.0,1.0,2.0,2.0,0.0,1.0,2.0,1.0,1.0,0.0,1.0,1
3.0,4.0,5.0,4.0,1.625703816679084,2.0,0.0,2.0,3.0,0.6257038166790839,1.0,0.0,0.3742961833209161,1.0,0.0,0.0,0
3.0,4.0,2.0,1.0,1.0,2.0,3.0,2.0,3.0,0.0,1.0,2.0,0.0,1.0,0.0,0.0,1
3.0,4.0,1.0,4.0,4.0,2.0,3.0,2.0,0.0,2.0,1.0,1.0,0.0,0.0,0.0,0.0,1
3.0,1.2327441292790569,2.0,4.0,0.7672558707209431,0.0,3.0,2.0,3.0,0.4654882585581137,0.23274412927905685,1.7672558707209431,0.23274412927905685,1.0,0.23274412927905685,0.0,0
0.0,2.0,5.0,4.0,2.0,1.0,0.0,2.0,2.0,3.0,1.0,0.0,1.0,2.0,0.0,0.0,0
0.0,4.0,5.0,1.0,0.0,3.0,3.0,2.0,3.0,2.0,0.0,1.0,0.0,1.0,0.0,0.0,0
0.0,3.236194221841879,1.490796147894586,0.745398073947293,2.254601926052707,1.490796147894586,0.0,2.0,1.509203852105414,2.745398073947293,0.745398073947293,0.25460192605270704,0.25460192605270704,0.745398073947293,0.0,0.0,0
3.0,4.0,5.0,4.0,2.0,2.0,0.0,2.0,3.0,0.0,1.0,2.0,0.0,1.0,0.0,0.0,0
3.0,4.0,5.0,4.0,0.0,1.0,0.0,2.0,3.0,0.0,1.0,0.0,0.0,1.0,0.0,0.0,1
0.772240498462139,3.0,2.772240498462139,3.227759501537861,3.0,2.0,2.772240498462139,2.0,2.5444809969242783,2.0,1.0,1.2277595015378608,0.772240498462139,0.772240498462139,0.772240498462139,0.0,0
0.0,3.0,2.0,4.0,4.0,2.0,3.0,2.0,2.0,1.0,2.0,2.0,1.0,0.0,0.0,1.0,1
1.0,0.0,5.0,4.0,1.0,1.0,3.0,2.0,0.0,1.0,0.0,2.0,1.0,1.0,0.0,0.0,0
1.0,4.0,4.0,1.0,2.0,2.0,3.0,2.0,0.0,0.0,1.0,2.0,1.0,1.0,0.0,0.0,1
1.0,0.0,2.0,4.0,1.0,1.0,0.0,0.0,1.0,0.0,0.0,2.0,1.0,1.0,0.0,0.0,1
1.0,0.0,7.0,4.0,3.0,1.0,0.0,2.0,3.0,2.0,0.0,1.0,2.0,3.0,0.0,0.0,1
0.0,3.0,2.0,4.0,3.0,2.0,2.0,2.0,1.0,2.0,1.0,2.0,0.0,0.0,0.0,0.0,0
1.0,0.0,4.0,4.0,0.0,2.0,3.0,2.0,0.0,3.0,1.0,2.0,1.0,3.0,0.0,0.0,1
1.0,0.0,4.0,4.0,0.0,2.0,0.0,2.0,0.0,1.0,1.0,2.0,1.0,1.0,0.0,0.0,1
1.0,4.0,5.0,0.0,3.0,2.0,1.0,2.0,3.0,3.0,1.0,0.0,0.0,3.0,0.0,0.0,1
0.0,0.0,4.0,1.0,3.0,2.0,3.0,1.0,3.0,3.0,1.0,2.0,1.0,1.0,0.0,0.0,1
1.0,4.0,4.0,1.0,0.0,2.0,0.0,2.0,3.0,0.0,1.0,2.0,0.0,1.0,0.0,0.0,1
3.0,4.0,5.0,4.0,2.711601502668506,2.711601502668506,1.4232030053370122,2.0,3.0,0.7116015026685061,1.0,2.0,0.0,0.2883984973314939,0.0,0.7116015026685061,0
0.8029457198143604,4.0,6.408837159443081,0.0,0.0,0.19705428018563964,2.6058914396287207,2.0,0.0,0.8029457198143604,1.0,2.0,0.0,0.19705428018563964,0.0,0.0,0
1.0,3.0,8.0,0.0,0.0,3.0,3.0,2.0,0.0,3.0,1.0,2.0,1.0,3.0,0.0,0.0,1
3.0,0.7567786427368892,2.0,2.4864427145262216,1.5135572854737784,2.243221357263111,2.756778642736889,2.0,3.0,2.243221357263111,1.0,0.7567786427368892,0.0,0.7567786427368892,0.7567786427368892,0.0,0
3.0,4.0,4.0,4.0,3.0,3.0,3.0,1.0,1.0,1.0,1.0,2.0,0.0,1.0,1.0,0.0,1
1.0,0.0,4.0,4.0,0.0,1.0,0.0,2.0,2.0,0.0,1.0,2.0,1.0,1.0,0.0,0.0,1
2.77260933217312,0.0,5.3410860017403206,4.0,3.11369533391344,2.0,3.0,2.0,0.8863046660865599,0.8863046660865599,1.11369533391344,2.0,1.0,0.8863046660865599,0.0,0.0,0
0.0,4.0,4.0,1.0,0.0,2.0,0.0,2.0,2.0,0.0,1.0,2.0,0.0,1.0,0.0,0.0,1
1.0,0.0,4.0,1.0,3.0,3.0,3.0,0.0,3.0,3.0,1.0,2.0,0.0,1.0,0.0,0.0,1
1.0,0.0,1.0,3.0,3.0,0.0,3.0,2.0,3.0,2.0,1.0,0.0,1.0,1.0,0.0,0.0,1
3.0,4.0,9.0,4.0,1.0,2.0,1.0,2.0,3.0,1.0,1.0,0.0,0.0,1.0,0.0,0.0,0
3.0,4.0,8.186321350298137,4.0,2.6273572994037266,2.0,2.6273572994037266,0.37264270059627314,3.0,1.8136786497018633,1.0,0.0,0.0,1.0,0.0,0.0,0
0.0,0.0,2.0,3.0,1.0,0.0,3.0,2.0,0.0,0.0,1.0,2.0,1.0,1.0,0.0,0.0,1
1.0,4.0,2.0,4.0,2.0,3.0,0.0,2.0,1.0,3.0,1.0,0.0,0.0,3.0,1.0,0.0,1
0.0,4.0,4.0,2.0,0.0,2.0,0.0,2.0,1.0,3.0,1.0,2.0,0.0,3.0,0.0,0.0,1
2.482691482797711,4.0,4.482691482797711,4.0,0.48269148279771124,1.5173085172022889,3.0,0.0,0.48269148279771124,2.0346170344045778,1.0,2.0,0.0,1.0,0.0,0.0,0
1.0,4.0,2.0,4.0,0.0,2.0,0.0,2.0,0.0,3.0,1.0,0.0,0.0,1.0,0.0,0.0,1
0.0,1.0,1.0,4.0,3.0,1.0,0.0,2.0,3.0,2.0,0.0,1.0,0.0,0.0,1.0,0.0,0
1.0,0.0,8.0,4.0,0.0,2.0,0.0,1.0,0.0,3.0,1.0,2.0,1.0,0.0,0.0,0.0,1
0.0,4.0,4.0,1.0,3.0,1.0,0.0,2.0,3.0,0.0,1.0,2.0,0.0,1.0,0.0,0.0,1
0.0,4.0,4.0,4.0,0.0,2.0,0.0,1.0,3.0,3.0,1.0,2.0,1.0,1.0,0.0,0.0,1
3.0,4.0,5.0,4.0,2.0,0.0,0.0,2.0,2.0,3.0,0.0,2.0,0.0,3.0,0.0,0.0,0
1.0,0.0,2.0,4.0,4.0,1.0,3.0,2.0,1.0,0.0,1.0,2.0,0.0,0.0,0.0,0.0,1
2.0,4.0,5.0,1.0,2.0,3.0,3.0,2.0,0.0,3.0,1.0,2.0,0.0,3.0,1.0,1.0,1
1.0,3.0,2.0,2.0,1.0,1.0,0.0,2.0,3.0,0.0,1.0,2.0,1.0,1.0,0.0,0.0,1
1.0,4.0,5.0,1.0,1.0,2.0,0.0,2.0,3.0,1.0,1.0,0.0,0.0,1.0,0.0,0.0,1
1.0,4.0,4.0,0.0,3.0,1.0,3.0,2.0,3.0,2.0,0.0,1.0,0.0,1.0,1.0,0.0,1
0.0,1.0,5.0,0.0,4.0,3.0,3.0,2.0,0.0,1.0,2.0,2.0,0.0,0.0,1.0,0.0,0
0.0,2.0,5.0,0.0,2.0,0.0,0.0,2.0,1.0,0.0,1.0,2.0,1.0,1.0,0.0,0.0,0
3.0,0.0,2.0,2.0,0.0,3.0,0.0,2.0,3.0,0.0,1.0,2.0,1.0,1.0,0.0,0.0,0
1.0,4.0,5.0,2.0,3.0,3.0,0.0,2.0,3.0,2.0,1.0,1.0,0.0,1.0,0.0,0.0,1
0.0,4.0,4.0,4.0,2.0,2.0,0.0,2.0,2.0,2.0,1.0,2.0,0.0,0.0,0.0,0.0,1
0.3388824884919005,4.0,4.6611175115081,4.0,1.0,2.0,3.0,2.0,0.0,1.322235023016199,1.0,2.0,0.0,0.3388824884919005,0.0,0.0,0
0.0,4.0,4.0,4.0,2.0,1.0,3.0,2.0,2.0,0.0,1.0,2.0,0.0,1.0,0.0,0.0,0
3.0,4.0,1.0,1.0,3.0,0.0,3.0,2.0,3.0,2.0,1.0,1.0,0.0,1.0,0.0,0.0,0
3.0,4.0,2.0,4.0,0.0,3.0,3.0,1.0,0.0,1.0,1.0,2.0,0.0,1.0,1.0,0.0,1
1.1539128939732655,3.9230435530133674,7.0,4.0,0.15391289397326546,1.9230435530133674,3.0,2.0,2.9230435530133674,1.9230435530133674,2.0,1.0769564469866326,0.07695644698663273,1.0,0.0,0.0,0
1.0,4.0,4.0,4.0,1.0,1.0,1.0,2.0,0.0,3.0,1.0,0.0,0.0,1.0,0.0,0.0,1
3.0,1.0,2.0,3.9179654437269473,2.9589827218634737,2.0,3.0,2.0,3.0,0.0820345562730529,0.04101727813652645,1.9589827218634737,0.0,1.0,0.04101727813652645,0.0,0
1.0,3.5430885783542343,2.5430885783542343,4.0,1.5430885783542343,2.0,0.0,2.0,2.5430885783542343,3.0,1.0,2.0,0.0,1.0,0.0,0.0,0
0.0,4.0,8.0,4.0,0.0,1.0,3.0,2.0,0.0,0.0,1.0,2.0,0.0,1.0,0.0,0.0,0
1.0,4.0,4.0,2.0,3.0,2.0,3.0,2.0,3.0,0.0,1.0,2.0,0.0,1.0,0.0,0.0,1
3.0,4.0,5.0,0.0,3.0,0.0,3.0,2.0,0.0,1.0,1.0,2.0,0.0,1.0,0.0,0.0,1
0.0,0.0,2.0,4.0,3.0,0.0,0.0,2.0,3.0,1.0,1.0,2.0,0.0,1.0,0.0,1.0,1
3.0,3.6261868620674385,5.0,4.0,0.6261868620674386,1.2523737241348771,3.0,2.0,3.0,2.0,1.0,1.0,0.37381313793256143,1.0,1.0,0.0,0
1.0,3.0,5.0,1.0,3.0,2.0,1.0,2.0,3.0,0.0,1.0,2.0,1.0,1.0,0.0,0.0,1
1.0,4.0,9.0,1.0,1.0,2.0,0.0,2.0,1.0,1.0,1.0,2.0,0.0,1.0,0.0,0.0,1
3.0,0.0,4.0,2.0,3.0,2.0,3.0,2.0,3.0,0.0,1.0,2.0,1.0,1.0,0.0,0.0,1
1.0,4.0,4.0,0.0,4.0,1.0,0.0,2.0,3.0,3.0,1.0,2.0,0.0,1.0,0.0,0.0,1
1.0,0.0,8.0,1.0,3.0,2.0,3.0,2.0,3.0,2.0,1.0,0.0,0.0,3.0,0.0,0.0,1
3.0,4.0,5.0,4.0,2.0,0.0,3.0,2.0,0.0,2.0,1.0,1.0,0.0,0.0,0.0,0.0,0
3.0,4.0,4.0,4.0,3.0,2.0,3.0,2.0,3.0,3.0,1.0,2.0,0.0,3.0,0.0,0.0,0
3.0,0.0,4.0,1.0,3.0,2.0,3.0,2.0,3.0,3.0,1.0,2.0,1.0,1.0,0.0,0.0,1
0.0,2.0,8.0,4.0,3.0,2.0,3.0,2.0,3.0,2.0,1.0,1.0,0.0,0.0,0.0,0.0,0
1.0,4.0,1.0,4.0,3.0,2.0,3.0,2.0,3.0,0.0,1.0,2.0,0.0,0.0,0.0,0.0,1
0.0,4.0,7.0,0.0,0.0,3.0,3.0,2.0,3.0,2.0,1.0,1.0,0.0,1.0,1.0,0.0,0
0.0,4.0,8.0,4.0,2.0,0.0,1.0,2.0,0.0,3.0,1.0,2.0,0.0,1.0,0.0,0.0,1
0.0,4.0,8.0,4.0,3.0,1.0,0.0,2.0,3.0,1.0,1.0,2.0,0.0,1.0,1.0,0.0,0
1.0,3.0,5.0,4.0,3.0,2.0,3.0,2.0,3.0,0.0,1.0,2.0,1.0,3.0,1.0,0.0,0
1.0,4.0,4.0,1.0,2.0,2.0,0.0,2.0,0.0,3.0,1.0,0.0,0.0,1.0,0.0,0.0,1
1.0,3.0,8.0,1.0,2.0,2.0,3.0,2.0,3.0,0.0,1.0,0.0,1.0,1.0,0.0,0.0,0
0.0,3.0,5.0,1.0,3.0,2.0,3.0,2.0,3.0,0.0,1.0,2.0,0.0,1.0,1.0,0.0,1
1.0,0.0,4.0,1.0,1.0,1.0,3.0,2.0,1.0,1.0,1.0,2.0,1.0,1.0,0.0,0.0,1
1.0,3.0,1.0,4.0,2.0,3.0,0.0,2.0,0.0,1.0,1.0,2.0,1.0,3.0,0.0,0.0,1
1.8063920936432516,2.903196046821626,8.0,4.0,3.0,2.0,3.0,2.0,3.0,2.903196046821626,1.0,1.9031960468216258,0.0,0.0,0.0,0.0,0
0.0,4.0,2.0,4.0,0.0,0.2808383271607571,0.0,2.0,2.8595808364196214,2.7191616728392427,1.0,2.0,0.0,1.0,0.0,0.0,0
3.0,0.0,1.0,4.0,1.0,2.0,3.0,2.0,3.0,0.0,1.0,2.0,1.0,1.0,0.0,0.0,0
1.0,3.049047388944606,2.0,4.0,1.049047388944606,2.049047388944606,0.0,2.0,2.049047388944606,2.901905222110788,1.0,2.0,0.0,1.0,0.0,0.0,0
0.0,0.0,5.0,4.0,1.0,1.0,3.0,2.0,1.0,3.0,1.0,2.0,1.0,3.0,1.0,0.0,1
3.0,4.0,2.0,4.0,0.0,2.0,3.0,2.0,3.0,1.0,1.0,2.0,0.0,1.0,0.0,0.0,1
3.0,4.0,2.0,4.0,0.0,1.0,2.0,2.0,2.0,0.0,1.0,2.0,0.0,1.0,0.0,0.0,1
1.0,4.0,5.0,0.0,0.0,3.0,3.0,1.0,0.0,3.0,1.0,0.0,0.0,1.0,1.0,1.0,1
0.0,4.0,4.0,0.0,2.0,0.0,1.0,2.0,0.0,0.0,1.0,0.0,0.0,1.0,0.0,0.0,0
3.0,4.0,5.0,4.0,0.0,0.0,0.0,2.0,0.0,1.0,1.0,2.0,0.0,1.0,0.0,0.0,0
0.5573687913239169,0.0,6.672106373971751,4.0,4.0,2.0,2.114737582647834,2.0,0.0,0.0,1.557368791323917,2.0,1.0,0.0,0.0,0.0,0
0.0,2.0,8.0,1.0,0.0,1.0,3.0,2.0,0.0,0.0,0.0,2.0,0.0,0.0,0.0,0.0,1
1.0,4.0,4.0,4.0,0.0,1.0,3.0,2.0,3.0,0.0,1.0,2.0,0.0,1.0,0.0,0.0,1
3.0,1.3426109843415903,2.0,4.0,0.6573890156584097,0.0,3.0,2.0,3.0,0.6852219686831806,0.3426109843415903,1.6573890156584097,0.3426109843415903,1.0,0.3426109843415903,0.0,0
3.0,2.9979622513286737,7.002037748671326,4.0,2.004075497342653,1.0,3.0,2.0,2.0020377486713263,1.0,1.9979622513286734,2.0,1.0,1.0,0.0,0.0,0
2.666854847971358,0.0,5.666290304057284,4.0,2.666854847971358,1.0,2.666854847971358,1.333145152028642,2.666854847971358,0.6668548479713581,1.0,0.0,0.0,1.0,0.0,0.6668548479713581,0
3.0,4.0,4.0,4.0,0.0,2.0,2.0,2.0,3.0,0.0,1.0,0.0,0.0,1.0,0.0,0.0,0
1.0,0.0,5.0,3.0,0.0,1.0,0.0,2.0,0.0,3.0,0.0,2.0,1.0,3.0,0.0,0.0,1
0.6394725163987236,4.0,4.639472516398723,1.3605274836012764,0.0,2.0,3.0,1.3605274836012764,2.278945032797447,1.7210549672025528,1.0,2.0,0.0,3.0,0.0,0.0,0
0.463822505296548,3.0,7.463822505296548,4.0,2.536177494703452,2.463822505296548,2.536177494703452,2.0,2.536177494703452,1.072354989406904,1.0,1.4638225052965481,0.463822505296548,1.0,0.0,0.0,0
1.0,1.0,5.0,1.0,0.0,3.0,3.0,1.0,0.0,3.0,2.0,2.0,0.0,3.0,1.0,0.0,1
0.0,4.0,3.0,4.0,2.0,2.0,3.0,2.0,2.0,2.0,1.0,0.0,0.0,3.0,0.0,0.0,0
0.0,4.0,7.0,4.0,1.0,0.0,3.0,2.0,2.0,0.0,1.0,2.0,1.0,1.0,1.0,0.0,1
3.0,4.0,8.0,4.0,0.0,1.0,1.0,2.0,0.0,0.0,2.0,2.0,0.0,3.0,0.0,0.0,1
0.0,1.4098473739194035,4.7950763130402985,0.0,1.2049236869597018,1.2049236869597018,3.0,2.0,1.0,2.0,1.2049236869597018,2.0,0.20492368695970176,0.7950763130402982,0.0,0.0,0
0.0,0.0,2.0,4.0,2.0,2.0,0.0,2.0,2.0,1.0,1.0,2.0,1.0,1.0,0.0,0.0,1
3.0,4.0,4.0,1.0,1.0,2.0,0.0,2.0,1.0,0.0,1.0,2.0,0.0,0.0,0.0,0.0,0
0.0,4.0,5.0,4.0,2.0,0.0,0.0,2.0,3.0,0.0,1.0,2.0,0.0,3.0,0.0,0.0,0
1.0,4.0,1.0,1.0,2.0,3.0,0.0,2.0,3.0,3.0,1.0,0.0,0.0,1.0,0.0,0.0,1
3.0,4.0,4.0,4.0,0.7069797154922033,2.7069797154922033,1.0,1.2930202845077967,1.7069797154922033,3.0,1.0,2.0,0.7069797154922033,1.0,0.0,0.0,0
1.0,4.0,4.0,1.0,0.0,2.0,0.0,2.0,0.0,0.0,1.0,2.0,0.0,1.0,0.0,0.0,1
3.0,1.0626360030598097,4.06263600305981,4.0,0.0,2.0,2.0626360030598097,2.0,2.0626360030598097,1.8747279938803805,0.9373639969401902,1.0626360030598097,0.06263600305980976,1.0,0.0,0.0,0
3.0,4.0,5.0,4.0,1.5436780538280952,2.0,0.0,2.0,1.9126438923438096,0.0,1.0,0.0,0.4563219461719048,1.0,0.0,0.0,0
0.0,3.0,5.0,0.0,3.0,1.0,3.0,2.0,3.0,0.0,2.0,2.0,3.0,0.0,0.0,0.0,0
1.0,4.0,2.0,2.0,0.0,1.0,0.0,2.0,3.0,0.0,1.0,0.0,0.0,1.0,0.0,0.0,1
0.6955536356526217,0.0,4.6955536356526215,4.0,0.30444636434737826,1.6955536356526217,0.9133390930421348,1.6955536356526217,0.0,3.0,1.6955536356526217,2.0,1.0,1.0,0.0,0.0,0
3.0,0.0,2.0,4.0,0.0,0.0,3.0,1.0,0.0,1.0,1.0,2.0,1.0,1.0,0.0,0.0,1
0.0,4.0,5.0,4.0,2.981829389818253,1.9636587796365064,2.9454881694547597,2.0,3.0,0.0,0.018170610181746816,2.0,0.0,3.0,0.9818293898182532,0.0,0
0.0,3.0610785370667872,4.938921462933212,4.0,3.8778429258664255,1.9389214629332128,3.0,2.0,2.9389214629332128,0.9389214629332127,1.0,2.0,0.0,0.06107853706678734,0.0,0.0,0
3.0,4.0,5.0,4.0,0.0,2.0,1.0,2.0,1.0,3.0,1.0,2.0,0.0,3.0,0.0,0.0,1
1.0,0.0,8.0,4.0,4.0,2.0,3.0,2.0,0.0,0.0,2.0,2.0,1.0,0.0,0.0,0.0,0
1.0,0.0,5.0,4.0,0.0,2.0,0.0,2.0,0.0,3.0,2.0,2.0,1.0,1.0,0.0,0.0,0
3.0,4.0,4.717300349054463,4.0,0.0,2.0,0.2826996509455366,2.0,0.2826996509455366,3.0,1.0,2.0,0.0,2.4346006981089268,0.0,0.0,0
3.0,4.0,5.0,4.0,2.0,2.0,3.0,2.0,2.0,3.0,1.0,2.0,0.0,3.0,1.0,0.0,0
3.0,4.0,4.0,4.0,0.0,2.0,0.0,2.0,2.0,0.0,0.0,2.0,0.0,1.0,0.0,0.0,1
3.0,2.0,8.0,4.0,3.0,1.0,3.0,2.0,3.0,0.0,1.0,0.0,1.0,1.0,0.0,0.0,0
0.0,0.0,2.291773984362922,4.0,2.0,1.0972579947876406,0.19451598957528127,2.0,3.0,0.0,0.09725799478764063,2.0,0.09725799478764063,2.8054840104247187,0.0,0.0,0
0.0,3.0,3.0,4.0,0.0,1.0,3.0,2.0,3.0,3.0,1.0,2.0,0.0,3.0,1.0,0.0,1
2.0,0.0,5.0,4.0,3.0,2.0,3.0,2.0,3.0,2.0,1.0,1.0,1.0,1.0,0.0,0.0,1
0.799795884570618,2.799795884570618,8.0,1.599591769141236,1.7997958845706181,2.0,3.0,2.0,0.6006123462881461,2.799795884570618,0.200204115429382,1.7997958845706181,0.0,3.0,1.0,0.0,0
1.0,4.0,5.0,2.0,0.0,0.0,3.0,2.0,0.0,2.0,1.0,0.0,0.0,3.0,1.0,1.0,1
2.0,4.0,4.0,4.0,0.0,0.0,0.0,2.0,0.0,3.0,1.0,2.0,0.0,3.0,0.0,0.0,0
1.0,0.0,4.0,4.0,4.0,2.0,0.0,2.0,3.0,0.0,1.0,2.0,1.0,2.0,0.0,0.0,1
2.0,0.0,4.0,4.0,3.0,2.0,3.0,2.0,3.0,1.0,1.0,2.0,0.0,1.0,0.0,0.0,1
3.0,0.0,5.0,4.0,0.0,2.0,3.0,2.0,3.0,1.0,0.0,2.0,1.0,3.0,0.0,1.0,1
0.0,2.681171073102088,4.159414463448956,0.0,2.318828926897912,2.159414463448956,3.0,2.0,0.8405855365510441,1.840585536551044,2.0,2.0,0.8405855365510441,0.0,0.15941446344895593,0.0,0
2.10461411571179,3.10461411571179,8.0,4.0,3.0,2.0,3.0,1.79077176857642,3.0,2.89538588428821,1.0,1.79077176857642,0.0,0.10461411571179002,0.0,0.0,0
3.0,3.5576781693078323,1.0,4.0,3.0,0.0,3.0,2.0,3.0,2.0,1.0,1.0,0.22116091534608384,1.0,0.22116091534608384,0.0,0
0.0,0.0,5.0,4.0,4.0,2.0,1.0,2.0,0.0,0.0,1.0,2.0,1.0,0.0,0.0,0.0,0
0.0,0.0,4.0,4.0,2.0,2.0,3.0,2.0,0.0,1.0,0.0,2.0,1.0,3.0,0.0,0.0,0
3.0,0.0,2.0,4.0,0.0,2.0,0.0,2.0,3.0,3.0,1.0,0.0,1.0,1.0,0.0,0.0,0
1.0,4.0,5.0,3.0,1.0,1.0,0.0,2.0,1.0,0.0,1.0,0.0,0.0,1.0,0.0,0.0,1
1.0,1.0,8.0,4.0,0.0,3.0,0.0,2.0,2.0,3.0,2.0,2.0,0.0,1.0,0.0,0.0,1
0.0,4.0,4.030235258005982,4.0,0.0,1.0302352580059826,0.0,1.9697647419940174,0.0,2.9697647419940174,0.9697647419940174,2.0,0.0,1.0,0.0,0.0,0
0.0,4.0,8.0,4.0,3.0,3.0,3.0,0.0,2.0,3.0,0.0,2.0,0.0,0.0,0.0,0.0,1
0.3186074893961621,0.0,4.318607489396162,3.3627850212076758,0.6813925106038379,1.0,3.0,1.3186074893961621,0.0,2.681392510603838,1.0,1.6813925106038379,0.6813925106038379,1.0,0.0,0.0,0
3.0,4.0,8.0,4.0,0.0,2.0,0.0,2.0,3.0,1.0,1.0,2.0,0.0,3.0,0.0,0.0,1
1.0,0.0,3.0,4.0,3.0,0.0,3.0,2.0,3.0,2.0,1.0,1.0,1.0,1.0,0.0,0.0,1
1.0,0.0,5.0,3.0,3.0,2.0,3.0,2.0,3.0,3.0,1.0,2.0,0.0,1.0,0.0,0.0,1
3.0,3.0,4.0,4.0,2.0,2.0,1.0,2.0,3.0,3.0,2.0,2.0,0.0,1.0,0.0,0.0,0
3.0,0.0,2.0,4.0,2.0,2.0,0.0,0.0,3.0,2.0,1.0,0.0,1.0,3.0,0.0,0.0,0
2.0,4.0,2.0,4.0,2.0,3.0,0.0,2.0,2.0,1.0,2.0,2.0,0.0,3.0,0.0,0.0,1
3.0,3.0,4.0,4.0,2.0,2.0,0.0,2.0,0.0,0.0,1.0,0.0,0.0,3.0,0.0,0.0,0
3.0,4.0,7.272436895465963,4.0,2.0,1.455126209068075,0.0,2.0,3.0,1.0,1.0,1.455126209068075,0.0,1.0,0.0,0.0,0
1.0,4.0,5.0,4.0,0.0,0.0,1.0,2.0,0.0,3.0,1.0,2.0,1.0,1.0,0.0,0.0,1
0.0,2.4644682843418853,7.767765857829057,4.0,1.5355317156581145,0.4644682843418855,3.0,2.0,3.0,2.0,1.0,0.23223414217094274,0.0,1.0,0.0,0.0,0
1.2857501649908654,4.0,4.857124917504567,2.2857501649908656,0.0,0.8571249175045673,0.0,2.0,0.0,0.8571249175045673,1.0,2.0,0.0,1.0,0.0,0.0,0
1.0,4.0,1.0,0.0,2.0,3.0,0.0,2.0,3.0,0.0,1.0,2.0,0.0,1.0,0.0,0.0,1
0.6223844285660048,4.0,5.0,4.0,0.0,0.0,0.0,2.0,1.7552311428679903,2.2447688571320095,1.0,0.0,0.0,1.7552311428679903,0.0,0.0,0
0.0,0.0,0.0,4.0,0.0,1.0,3.0,0.0,1.0,0.0,1.0,2.0,1.0,0.0,1.0,0.0,0
0.0,4.0,5.0,0.0,1.0,0.0,3.0,2.0,0.0,1.0,1.0,2.0,0.0,1.0,0.0,0.0,0
0.0,3.882679519615189,1.117320480384811,4.0,3.117320480384811,1.765359039230378,0.0,2.0,0.0,1.882679519615189,1.0,1.117320480384811,0.0,0.0,0.0,0.0,0
3.0,3.48115487130929,1.0,4.0,1.5188451286907099,1.4811548713092901,3.0,2.0,3.0,2.0,1.0,1.0,1.740577435654645,1.0,1.0,0.0,0
1.0,0.0,1.0,1.0,0.0,2.0,3.0,2.0,0.0,0.0,1.0,2.0,0.0,0.0,0.0,0.0,1
1.0,4.0,7.0,4.0,3.0,2.0,3.0,2.0,3.0,0.0,0.0,2.0,0.0,3.0,1.0,0.0,0
0.0,4.0,1.0290254865975135,4.0,0.5145127432987567,0.48548725670124326,2.4854872567012434,1.0290254865975135,1.0,0.0,0.5145127432987567,2.0,0.48548725670124326,0.5145127432987567,0.0,0.0,0
2.0,4.0,2.0,1.0,3.0,0.0,0.0,2.0,3.0,3.0,1.0,2.0,0.0,0.0,0.0,0.0,1
1.0,4.0,4.0,3.0,1.0,1.0,2.0,2.0,3.0,3.0,1.0,2.0,0.0,3.0,0.0,0.0,1
0.0,4.0,5.0,0.0,1.0,1.0,3.0,2.0,1.0,0.0,0.0,2.0,1.0,1.0,0.0,0.0,1
3.0,1.0,4.0,4.0,0.0,2.0,2.0,2.0,2.0,2.0,1.0,1.0,0.0,1.0,0.0,0.0,0
1.0,4.0,1.0,1.0,2.0,1.0,1.0,2.0,3.0,0.0,1.0,0.0,0.0,1.0,0.0,0.0,1
0.0,4.0,4.0,1.0,2.0,2.0,3.0,2.0,2.0,1.0,1.0,2.0,0.0,1.0,0.0,0.0,1
0.0,2.0,8.0,4.0,3.0,1.0,0.0,2.0,3.0,2.0,2.0,1.0,1.0,0.0,0.0,0.0,0
1.0,4.0,7.0,4.0,0.0,2.0,3.0,2.0,3.0,2.0,2.0,1.0,0.0,1.0,0.0,0.0,0
0.0,4.0,2.0,0.0,0.0,1.0,0.0,0.0,3.0,0.0,0.0,0.0,0.0,1.0,0.0,0.0,0
3.0,4.0,4.0,2.0,3.0,0.0,1.0,2.0,2.0,3.0,1.0,2.0,0.0,1.0,0.0,0.0,1
3.0,4.0,4.999277993922171,4.0,2.0,1.9985559878443422,0.0,2.0,3.0,1.0,1.0,0.0,0.0,1.0,0.0,0.0,0
0.0,4.0,4.0,4.0,2.0,2.2473987555391535,0.2473987555391537,2.0,0.4947975110783074,0.2473987555391537,1.0,2.0,0.0,1.0,0.0,0.0,0
2.0,0.0,5.0,2.0,4.0,1.0,3.0,2.0,3.0,2.0,0.0,1.0,2.0,2.0,0.0,0.0,1
1.0,4.0,7.0,4.0,2.0,3.0,0.0,2.0,0.0,2.0,1.0,2.0,0.0,1.0,0.0,0.0,1
3.0,4.0,2.0,4.0,0.0,0.0,3.0,2.0,0.0,3.0,1.0,2.0,0.0,1.0,0.0,0.0,1
0.0,0.3738922735050787,2.3738922735050787,4.0,0.0,1.1869461367525393,0.0,2.0,1.1869461367525393,0.0,1.0,2.0,0.0,0.18694613675253935,0.0,0.0,0
3.0,0.0,5.0,4.0,3.0,1.3103808259798115,3.0,1.3103808259798115,2.379238348040377,1.0,1.0,0.6207616519596229,0.3103808259798114,1.0,0.0,0.6896191740201886,0
3.0,4.0,2.41949989931127,4.0,2.790250050344365,1.209749949655635,2.790250050344365,2.0,0.2097499496556351,1.0,0.2097499496556351,2.0,0.0,1.0,0.7902500503443649,0.0,0
2.4258969601607405,4.0,4.0,1.0,1.2870515199196297,2.28705151991963,0.0,2.0,1.2870515199196297,0.0,1.0,2.0,0.28705151991962974,0.28705151991962974,0.0,0.0,0
3.0,4.0,2.1264152366772615,4.0,1.0632076183386308,2.0,0.0,2.0,3.0,3.0,1.0,0.1264152366772613,0.0,1.0,0.0,0.0,0
0.0,4.0,5.0,0.13690027168559893,1.7261994566288021,2.0,0.0,2.0,0.0,1.0,1.0,2.0,0.0,0.13690027168559893,0.0,0.0,0
0.0,1.1460708879265855,5.0,0.04869029597552854,0.0,1.0486902959755287,0.9513097040244715,2.0,0.0,1.0,1.0,0.09738059195105708,0.0,1.0,0.0,0.0,0
0.5058663838253084,3.5058663838253086,5.0,0.5058663838253084,1.482400848524075,1.0,3.0,2.0,3.0,0.0,2.0,0.9882672323493833,1.9882672323493833,0.5058663838253084,0.0,0.0,0
0.0,0.0,8.0,4.0,1.0,1.0,3.0,2.0,1.0,1.0,1.0,2.0,1.0,1.0,0.0,0.0,1
3.0,4.0,1.0,1.0497212732180738,3.0,0.0,3.0,2.0,3.0,2.0,1.0,1.0,0.0,1.0,0.0,0.0,0
0.0,3.0,7.0,0.0,1.0,1.0,3.0,2.0,1.0,2.0,1.0,0.0,0.0,1.0,0.0,0.0,1
0.0,4.0,4.110206343554459,4.0,2.11020634355446,3.0,1.1102063435544598,2.0,2.0,3.0,1.0,0.0,0.1102063435544598,1.0,0.0,0.0,0
1.0,0.0,7.0,1.0,0.0,0.0,0.0,2.0,0.0,0.0,1.0,2.0,1.0,1.0,0.0,0.0,1
0.0,3.0,8.0,0.0,1.0,2.0,3.0,2.0,3.0,0.0,1.0,0.0,0.0,0.0,0.0,0.0,1
0.05825960163815269,0.0194198672127176,4.019419867212718,1.9805801327872823,0.0,2.0,3.0,2.0,0.0,1.0,0.9805801327872824,2.0,1.0,3.0,0.0194198672127176,0.0,0
1.0,4.0,5.0,1.0,3.0,2.0,3.0,0.0,0.0,1.0,1.0,2.0,0.0,3.0,0.0,1.0,1
0.42245705116862453,4.0,3.155085897662751,4.0,2.0,2.5775429488313755,1.0,1.155085897662751,2.0,1.0,1.0,2.0,0.0,1.844914102337249,0.42245705116862453,0.0,0
1.6864760831183259,4.0,3.3432380415591627,4.0,2.0,2.0,0.0,2.0,3.0,3.0,1.0,2.0,0.0,1.0,0.0,0.0,0
1.6000578389518592,0.6000578389518592,2.0,4.0,2.0,1.6000578389518592,0.0,2.0,3.0,1.0,1.0,0.0,0.6999710805240704,1.0,0.0,0.0,0
3.0,4.0,1.0,4.0,1.0,1.0,3.0,2.0,2.0,2.0,1.0,1.0,0.0,0.0,0.0,0.0,1
0.0,0.0,9.0,1.0,1.0,3.0,0.0,2.0,1.0,1.0,1.0,2.0,1.0,3.0,0.0,0.0,1
1.0,0.0,4.0,4.0,3.0,1.0,3.0,2.0,3.0,3.0,1.0,2.0,1.0,3.0,0.0,0.0,1
3.0,4.0,1.0,1.0,3.0,2.0,3.0,2.0,3.0,2.0,0.0,1.0,0.0,1.0,1.0,0.0,1
3.0,4.0,7.0,4.0,4.0,2.0,0.0,2.0,2.0,3.0,1.0,2.0,0.0,2.0,0.0,0.0,0
1.0,0.0,5.0,0.0,1.0,2.0,0.0,2.0,1.0,0.0,1.0,2.0,1.0,1.0,0.0,0.0,1
3.0,4.0,7.571204277501762,4.0,2.0,0.8575914449964757,0.0,2.0,3.0,1.0,1.0,0.8575914449964757,0.0,1.0,0.0,0.0,0
0.0,3.253642524256823,4.0,0.25364252425682277,2.5072850485136455,1.7463574757431772,3.0,2.0,1.2536425242568228,2.0,1.7463574757431772,2.0,0.7463574757431772,0.0,0.0,0.0,0
1.0,0.0,1.0,1.0,3.0,3.0,3.0,2.0,3.0,0.0,1.0,2.0,1.0,1.0,0.0,0.0,1
3.0,4.0,5.0,4.0,4.0,3.0,0.0,2.0,3.0,0.0,1.0,0.0,0.0,1.0,0.0,0.0,1
1.705606692211928,0.0,2.0,4.0,2.0,1.352803346105964,0.0,1.294393307788072,3.0,1.352803346105964,1.0,0.0,1.0,1.705606692211928,0.0,0.0,0
2.0,4.0,2.0,4.0,0.0,1.0,3.0,2.0,0.0,3.0,1.0,2.0,0.0,1.0,0.0,0.0,1
3.0,4.0,5.0,4.0,0.97622566345382,1.02377433654618,2.0237743365461798,2.0,1.0,0.0,1.0,2.0,0.0,1.04754867309236,0.0,0.0,0
1.0,0.0,2.0,4.0,3.0,1.0,3.0,2.0,3.0,1.0,2.0,2.0,0.0,1.0,0.0,0.0,1
1.0,4.0,4.0,1.0,3.0,2.0,3.0,2.0,0.0,0.0,1.0,2.0,0.0,1.0,0.0,0.0,1
1.0,4.0,1.0,0.0,0.0,3.0,3.0,0.0,0.0,3.0,1.0,2.0,0.0,1.0,1.0,0.0,1
1.0,4.0,1.0,3.0,1.0,0.0,3.0,2.0,0.0,1.0,1.0,2.0,0.0,1.0,0.0,1.0,1
0.0,4.0,4.874287966624947,3.874287966624947,1.0,2.125712033375053,3.0,1.748575933249894,0.0,2.0,0.874287966624947,2.0,0.125712033375053,0.125712033375053,0.0,0.0,0
3.0,4.0,5.0,0.0,0.0,0.0,3.0,2.0,3.0,0.0,1.0,2.0,0.0,3.0,1.0,0.0,1
1.0,0.0,3.0,1.0,1.0,2.0,0.0,2.0,3.0,3.0,1.0,2.0,1.0,1.0,0.0,0.0,1
3.0,0.0,1.0,4.0,3.0,2.0,3.0,2.0,3.0,2.0,1.0,1.0,1.0,1.0,0.0,0.0,0
1.0,4.0,1.0,2.0,0.0,2.0,3.0,2.0,3.0,0.0,1.0,2.0,0.0,1.0,0.0,0.0,1
3.0,4.0,4.459855883756007,4.0,1.5401441162439926,1.5401441162439926,2.0,2.0,1.0,0.5401441162439926,1.0,2.0,0.0,1.0,0.0,0.0,0
2.0,1.0,4.0,1.0,1.0,2.0,3.0,2.0,3.0,0.0,0.0,2.0,0.0,3.0,0.0,0.0,1
0.0,3.1778822668057547,1.8221177331942455,4.0,4.0,0.0,0.0,2.0,0.5336468004172632,1.1778822668057545,1.0,1.8221177331942455,0.0,0.0,0.0,0.0,0
1.0,0.0,5.0,4.0,3.0,2.0,3.0,2.0,3.0,3.0,1.0,2.0,1.0,3.0,0.0,0.0,1
1.0,4.0,4.0,4.0,0.0,3.0,3.0,2.0,3.0,1.0,1.0,2.0,0.0,1.0,0.0,1.0,1
1.1068543635736505,4.0,5.0,1.9465728182131747,0.0,1.0534271817868253,0.05342718178682526,2.0,0.0,0.9465728182131747,1.0,2.0,0.0,1.0,0.0,0.0,0
1.0,4.0,4.0,4.0,2.0,2.0,3.0,2.0,2.0,3.0,1.0,2.0,0.0,1.0,0.0,0.0,1
0.0,4.0,8.0,0.0,3.0,2.0,2.0,2.0,0.0,0.0,1.0,0.0,1.0,3.0,0.0,0.0,0
3.0,0.7487882575401331,4.2512117424598665,4.0,0.0,2.0,1.748788257540133,1.748788257540133,1.4975765150802662,1.748788257540133,0.7487882575401331,0.7487882575401331,0.2512117424598669,1.0,0.0,0.2512117424598669,0
0.0,4.0,4.139448826171206,4.0,2.1394488261712064,1.1394488261712064,3.0,2.0,2.1394488261712064,0.0,0.8605511738287938,2.0,0.0,1.2788976523424125,0.13944882617120624,0.0,0
3.0,3.0,7.059944298249573,4.0,0.05994429824957326,1.9400557017504267,3.0,2.0,1.0599442982495733,0.9400557017504267,1.9400557017504267,2.0,0.05994429824957326,1.0,0.0,0.0,0
0.0,4.0,4.0,4.0,0.0,1.0,0.0,2.0,0.0,3.0,1.0,2.0,0.0,1.0,0.0,0.0,0
3.0,1.0,4.0,4.0,1.0,2.0,3.0,1.0,3.0,0.0,0.0,0.0,0.0,3.0,0.0,0.0,0
0.0,3.0,4.0,4.0,1.0,1.0,3.0,2.0,3.0,1.0,1.0,2.0,0.0,1.0,0.0,0.0,1
3.0,4.0,4.0,4.0,1.0,2.0,0.0,1.0,2.0,3.0,1.0,2.0,0.0,1.0,0.0,0.0,1
0.0,4.0,4.0,4.0,2.0,3.0,0.0,1.0,2.0,3.0,1.0,2.0,0.0,1.0,0.0,0.0,1
3.0,3.5011599178870974,1.2494200410564513,4.0,0.7505799589435488,1.5011599178870976,3.0,2.0,3.0,2.0,1.0,1.0,1.7505799589435487,1.0,1.0,0.0,0
1.9123880998453473,3.0,8.0,4.0,1.5438059500773265,2.087611900154653,2.4561940499226735,2.0,2.0,0.0,1.0,2.0,1.0,1.0,0.0,0.0,0
3.0,4.0,4.0,4.0,0.0,0.7885455123065187,0.0,2.0,0.0,2.365636536919556,1.0,2.0,0.0,1.0,0.0,0.0,0
1.0,3.0,3.0,3.0,3.0,2.0,3.0,2.0,3.0,2.0,1.0,1.0,1.0,1.0,1.0,0.0,0
1.0,0.0,7.0,2.0,3.0,2.0,3.0,2.0,0.0,0.0,1.0,2.0,1.0,1.0,0.0,0.0,1
1.0,3.0,8.0,4.0,1.0,0.0,3.0,2.0,3.0,0.0,1.0,2.0,1.0,1.0,0.0,0.0,1
1.0,4.0,2.0,4.0,0.0,2.0,0.0,2.0,0.0,0.0,1.0,2.0,0.0,0.0,0.0,0.0,0
0.0,2.0,9.0,4.0,0.0,1.0,3.0,2.0,0.0,3.0,1.0,2.0,0.0,3.0,0.0,0.0,1
3.0,1.0,4.0,4.0,0.0,2.0,0.0,2.0,3.0,3.0,0.0,2.0,0.0,3.0,0.0,0.0,0
1.0,0.0,2.0,2.0,1.0,0.0,0.0,2.0,3.0,0.0,1.0,0.0,0.0,1.0,0.0,0.0,1
0.0,0.0,4.0,4.0,3.0,0.0,0.0,1.0,3.0,3.0,0.0,0.0,1.0,3.0,0.0,0.0,1
3.0,4.0,7.0,4.0,1.0,2.0,3.0,2.0,2.0,2.0,1.0,1.0,0.0,0.0,0.0,0.0,1
0.0,0.0,2.0,4.0,2.0,1.0,0.0,2.0,3.0,0.0,0.0,2.0,0.0,3.0,0.0,0.0,0
0.0,4.0,4.0,2.0,0.0,2.0,3.0,2.0,1.0,3.0,1.0,2.0,0.0,3.0,0.0,0.0,0
0.16046764388760104,3.160467643887601,5.0,0.16046764388760104,2.518597068337197,1.0,3.0,2.0,3.0,0.0,2.0,1.679064712224798,2.6790647122247977,0.16046764388760104,0.0,0.0,0
0.0,4.0,4.0,1.0,4.0,1.0,3.0,2.0,2.0,2.0,1.0,2.0,0.0,0.0,0.0,0.0,0
1.0,3.0,4.0,2.0,1.0,2.0,3.0,2.0,2.0,0.0,1.0,2.0,0.0,0.0,0.0,0.0,1
3.0,4.0,2.0,1.0,0.0,1.0,1.0,2.0,3.0,0.0,1.0,2.0,0.0,1.0,0.0,0.0,0
3.0,0.0,2.0,4.0,4.0,2.0,3.0,2.0,3.0,2.0,1.0,1.0,2.0,0.0,0.0,0.0,1
1.0,0.0,5.0,4.0,3.0,2.0,3.0,2.0,2.0,3.0,1.0,2.0,1.0,3.0,1.0,0.0,1
0.05862229529350138,4.0,3.8827554094129972,4.0,2.0,1.9413777047064986,0.0,1.8827554094129972,0.0,0.0,1.0,1.8827554094129972,0.05862229529350138,1.0,0.0,0.0,0
1.0,0.0,5.0,4.0,0.0,2.0,0.0,2.0,3.0,0.0,1.0,2.0,0.0,1.0,0.0,0.0,1
1.0,0.0,7.0,1.0,2.0,1.0,3.0,2.0,2.0,1.0,1.0,2.0,1.0,3.0,1.0,0.0,1
1.0,0.0,4.0,4.0,3.0,2.0,3.0,2.0,3.0,3.0,1.0,2.0,2.0,1.0,0.0,0.0,1
1.0,0.0,5.0,1.0,3.0,1.0,3.0,2.0,3.0,2.0,0.0,1.0,0.0,0.0,0.0,0.0,1
1.0,4.0,2.0,4.0,1.170286261332872,1.4148568693335641,0.0,0.829713738667128,0.0,0.0,1.0,0.829713738667128,0.585143130666436,0.585143130666436,0.0,0.0,0
2.65045599167812,0.82522799583906,5.0,4.0,1.82522799583906,1.82522799583906,3.0,2.0,0.0,0.17477200416093996,0.0,2.0,1.0,1.0,0.0,0.0,0
2.104156553383942,4.0,2.0,4.0,2.0,1.447921723308029,1.552078276691971,1.1041565533839417,2.552078276691971,1.0,1.0,2.0,0.0,3.0,0.44792172330802915,0.0,0
0.0,4.0,5.0,4.0,0.0,2.0,1.0,2.0,3.0,3.0,1.0,0.0,0.0,3.0,0.0,0.0,1
0.0,4.0,4.0,4.0,3.0,2.0,3.0,2.0,1.0,0.0,1.0,2.0,0.0,1.0,1.0,0.0,0
1.0,0.0,5.0,2.8206105539728985,0.41030527698644925,1.0,3.0,2.0,0.0,1.5896947230135507,0.5896947230135507,1.4103052769864493,0.41030527698644925,1.0,0.0,0.0,0
2.0,4.0,4.0,2.0,0.0,0.0,0.0,2.0,1.0,0.0,1.0,2.0,0.0,3.0,0.0,0.0,1
1.0,4.0,8.0,0.0,1.0,1.0,3.0,2.0,0.0,0.0,1.0,2.0,1.0,1.0,0.0,0.0,1
3.0,3.8842967666729065,7.1157032333270935,4.0,0.11570323332709365,1.8842967666729065,3.0,2.0,2.8842967666729065,0.0,1.0,0.2314064666541873,0.11570323332709365,2.768593533345813,0.8842967666729064,0.0,0
3.0,4.0,5.0,4.0,0.9518744768327362,0.9518744768327362,1.9037489536654724,2.0,0.9518744768327362,0.04812552316726382,1.0,2.0,0.0,1.0,0.0,0.0,0
3.0,0.0,5.0,4.0,2.0,3.0,3.0,2.0,1.0,3.0,1.0,0.0,1.0,3.0,1.0,1.0,1
0.12821426524450708,1.7435714695109858,2.0,4.0,2.0,1.871785734755493,0.0,2.0,1.2564285304890142,1.0,1.0,0.0,1.0,1.0,0.0,0.0,0
3.0,2.9346957928482196,5.0,4.0,3.9346957928482196,2.0,3.0,2.0,0.0653042071517802,2.8040873785446596,1.0,0.9346957928482198,1.0,1.0,1.0,0.0,0
1.0,4.0,8.0,4.0,0.0,1.0,1.0,2.0,0.0,3.0,1.0,2.0,0.0,1.0,0.0,0.0,1
3.0,4.0,2.0,4.0,3.0,2.0,3.0,2.0,2.311742245508329,1.7705807485027762,1.0,0.7705807485027762,0.0,0.0,0.0,0.0,0
1.0,2.0,1.0,1.0,0.0,1.0,3.0,2.0,0.0,1.0,1.0,2.0,0.0,3.0,1.0,0.0,1
0.03722968015975758,3.0,5.0,4.0,3.0,2.0,3.0,2.0,3.0,1.9255406396804848,0.03722968015975758,1.0372296801597576,1.0,1.0744593603195152,0.03722968015975758,0.0,0
3.0,4.0,2.0,4.0,1.5385818017450477,2.0,3.0,2.0,0.0,0.7307090991274762,1.0,2.0,0.0,1.0,0.26929090087252383,0.0,0
2.0,0.0,4.0,1.0,0.0,0.0,3.0,2.0,3.0,2.0,1.0,1.0,1.0,1.0,0.0,0.0,0
1.0,3.0295063064040226,8.0,1.9704936935959776,1.9409873871919552,2.0,2.9704936935959774,2.0,0.0,3.0,0.0,2.0,0.0,2.940987387191955,0.9704936935959776,0.0,0
1.0,4.0,4.0,0.0,0.0,2.0,3.0,2.0,3.0,0.0,1.0,0.0,0.0,0.0,0.0,0.0,1
0.0,2.1674040313035574,5.0,0.0,2.0,2.6108653228988143,0.0,2.0,1.2217306457976285,1.0,1.2217306457976285,2.0,0.0,3.0,0.0,0.0,0
0.0,4.0,4.0,4.0,1.0,1.0,0.0,2.0,2.0,3.0,1.0,2.0,0.0,1.0,0.0,0.0,1
3.0,4.0,2.0,4.0,0.0,3.0,0.0,2.0,3.0,3.0,1.0,0.0,0.0,1.0,0.0,0.0,0
0.0,4.0,4.0,4.0,1.0,2.0,3.0,2.0,3.0,0.0,1.0,0.0,0.0,1.0,0.0,0.0,1
3.0,4.0,4.0,4.0,0.0,2.0,3.0,2.0,3.0,2.0,1.0,1.0,0.0,1.0,0.0,0.0,0
3.0,4.0,1.0,4.0,0.0,2.0,2.0,2.0,3.0,1.0,1.0,2.0,0.0,0.0,0.0,0.0,1
0.0,0.0,2.032657005367416,4.0,1.983671497316292,1.0,3.0,1.983671497316292,0.0,3.0,1.0,2.0,1.0,2.967342994632584,0.0,0.0,0
1.0,1.0,4.0,2.0,3.0,1.0,3.0,2.0,3.0,1.0,0.0,2.0,0.0,3.0,1.0,0.0,1
3.0,3.67329911823174,4.32670088176826,4.0,0.0,1.3465982364634799,3.0,2.0,3.0,2.0,1.0,1.0,1.0,1.0,0.32670088176826007,0.0,0
0.0,3.0,4.0,1.0,0.0,1.0,3.0,2.0,0.0,2.0,1.0,1.0,0.0,0.0,0.0,0.0,1
0.0,2.0,2.0,4.0,0.0,3.0,0.0,2.0,3.0,0.0,0.0,2.0,1.0,1.0,0.0,0.0,1
2.0,4.0,2.0,4.0,0.0,1.0,3.0,2.0,0.0,3.0,1.0,2.0,0.0,1.0,0.0,0.0,1
3.0,0.0,5.0,4.0,3.0,2.0,1.0,2.0,1.0,0.0,1.0,2.0,1.0,1.0,0.0,0.0,1
1.8620625958512074,0.0,5.0,2.2758748082975853,0.8620625958512073,2.0,0.8620625958512073,2.0,0.0,3.0,1.1379374041487926,2.0,1.8620625958512074,1.0,0.0,0.0,0
1.0,0.0,4.0,0.0,3.0,2.0,3.0,2.0,3.0,1.0,0.0,2.0,1.0,1.0,0.0,0.0,1
0.0,4.0,4.0,2.0,4.0,3.0,0.0,2.0,3.0,2.0,1.0,0.0,0.0,2.0,0.0,0.0,1
3.0,0.0,2.0,4.0,0.0,2.0,0.0,2.0,1.0,1.0,1.0,0.0,1.0,1.0,0.0,0.0,1
1.0,0.0,4.0,4.0,3.0,2.0,3.0,2.0,3.0,0.0,1.0,2.0,1.0,1.0,0.0,0.0,1
3.0,1.0,2.0,4.0,2.6446311515280705,1.6446311515280705,2.6446311515280705,2.0,2.6446311515280705,0.3553688484719296,0.0,2.0,0.0,1.0,0.0,0.0,0
1.0,4.0,2.0,4.0,3.0,2.0,3.0,2.0,3.0,1.0,0.0,2.0,2.0,1.0,1.0,0.0,1
1.0,4.0,2.0,4.0,2.0,1.0,0.0,0.0,0.0,0.0,1.0,0.0,1.0,1.0,0.0,0.0,0
3.0,0.0,7.0,4.0,0.0,0.0,0.0,2.0,0.0,2.0,1.0,2.0,1.0,0.0,0.0,0.0,0
0.0,0.0,7.0,3.0,3.0,2.0,3.0,2.0,1.0,2.0,1.0,1.0,1.0,1.0,1.0,0.0,0
3.0,4.0,5.0,4.0,1.0,2.0,3.0,2.0,3.0,2.0,1.0,1.0,0.0,1.0,1.0,0.0,0
0.0,4.0,4.0,4.0,2.0,2.0,0.0,2.0,0.0,0.0,1.0,2.0,0.0,1.0,0.0,0.0,0
1.0,0.0,2.0,3.0,2.0,2.0,3.0,2.0,0.0,3.0,2.0,2.0,1.0,3.0,1.0,0.0,1
2.0,4.0,5.0,3.0,2.0,1.0,1.0,2.0,0.0,3.0,1.0,2.0,0.0,2.0,0.0,1.0,1
1.0,3.0,4.0,4.0,0.0,2.0,3.0,2.0,0.0,0.0,1.0,2.0,1.0,0.0,0.0,0.0,0
1.0,0.0,4.0,1.0,0.0,2.0,3.0,2.0,1.0,1.0,1.0,2.0,1.0,1.0,0.0,0.0,1
2.0,4.0,4.0,0.0,3.0,1.0,2.0,2.0,3.0,3.0,1.0,2.0,0.0,1.0,0.0,0.0,1
3.0,4.0,5.0,4.0,2.0,2.0,0.0,2.0,2.0,1.0,1.0,2.0,0.0,1.0,0.0,0.0,0
0.0,4.0,3.0,4.0,0.0,2.0,3.0,2.0,0.0,0.0,1.0,2.0,0.0,1.0,0.0,0.0,0
1.0,3.0,4.0,4.0,0.0,0.0,0.0,2.0,0.0,3.0,1.0,2.0,0.0,1.0,0.0,0.0,1
1.0,0.0,1.0,1.0,1.0,2.0,3.0,2.0,3.0,0.0,1.0,2.0,1.0,1.0,1.0,0.0,1
3.0,4.0,4.541380793757136,0.5413807937571358,0.45861920624286423,2.0,0.45861920624286423,2.0,0.9172384124857285,1.0,1.0,2.0,0.0,1.0,0.0,0.0,0
2.0,0.0,5.0,2.0,1.0,2.0,1.0,2.0,0.0,3.0,1.0,2.0,2.0,1.0,0.0,0.0,0
1.0,4.0,1.0,0.0,1.0,0.0,0.0,2.0,3.0,0.0,1.0,2.0,0.0,1.0,0.0,0.0,1
3.0,4.0,2.0,3.0,0.0,2.0,3.0,2.0,0.0,0.0,1.0,2.0,0.0,1.0,0.0,0.0,1
1.0,0.0,4.0,4.0,0.0,2.0,3.0,2.0,3.0,2.0,1.0,1.0,1.0,1.0,0.0,0.0,1
0.0,4.0,2.0,0.0,2.0,2.0,3.0,0.0,2.0,2.0,1.0,0.0,0.0,0.0,0.0,0.0,0
1.0,3.0,8.0,0.0,0.0,1.0,3.0,2.0,0.0,1.0,1.0,2.0,1.0,3.0,0.0,0.0,1
3.0,0.0,2.0,4.0,3.0,2.0,3.0,2.0,3.0,0.0,1.0,2.0,1.0,1.0,1.0,0.0,1
3.0,0.0,5.0,4.0,3.0,1.0,3.0,1.0,3.0,1.0,1.0,0.0,0.0,1.0,0.0,1.0,0
1.0,0.0,4.0,0.0,4.0,2.0,0.0,2.0,3.0,3.0,1.0,2.0,2.0,3.0,0.0,0.0,1
3.0,0.0,5.0,4.0,0.0,0.0,3.0,2.0,0.0,3.0,1.0,0.0,1.0,3.0,1.0,1.0,1
0.0,4.0,5.0,3.0,3.0,2.0,3.0,2.0,3.0,3.0,1.0,2.0,0.0,1.0,0.0,0.0,1
0.49030534654873714,0.49030534654873714,5.0,4.0,2.490305346548737,1.509694653451263,2.490305346548737,2.0,3.0,0.9806106930974743,0.5096946534512629,2.0,1.0,0.5096946534512629,0.49030534654873714,0.0,0
0.0,0.0,4.0,3.2054865056639157,1.205486505663916,2.0,3.0,2.0,0.0,1.0,0.39725674716804205,2.0,1.0,3.0,0.0,0.0,0
1.0,2.0639552661209812,8.0,4.0,0.12791053224196225,1.0,3.0,2.0,0.0,0.0,1.8720894677580378,2.0,1.0,1.0,0.9360447338790189,0.0,0
3.0,4.0,2.0,4.0,0.6007558914989666,2.6996220542505167,0.0,2.0,3.0,3.0,1.0,0.0,0.0,1.6007558914989666,0.0,0.0,0
1.0,4.0,2.0,4.0,0.0,2.0,0.0,2.0,2.0,3.0,1.0,2.0,0.0,1.0,0.0,0.0,1
3.0,4.0,2.0,4.0,0.0,1.0,0.0,2.0,3.0,0.0,1.0,0.0,0.0,1.0,0.0,0.0,0
1.0,0.0,4.0,4.0,3.0,0.0,3.0,2.0,3.0,0.0,1.0,2.0,1.0,1.0,0.0,0.0,1
3.0,4.0,5.0,4.0,1.0,1.0,3.0,2.0,2.0,0.0,1.0,2.0,0.0,1.0,0.0,0.0,0
3.0,4.0,5.0,4.0,3.0,3.0,3.0,2.0,3.0,2.0,0.0,2.0,0.0,0.0,0.0,0.0,0
3.0,4.0,4.414411937118962,4.0,2.0,2.292794031440519,2.707205968559481,2.0,2.0,2.707205968559481,0.7072059685594811,2.0,0.0,3.0,0.7072059685594811,0.0,0
1.0,2.0,5.0,1.0,0.0,3.0,0.0,2.0,3.0,1.0,0.0,2.0,1.0,1.0,0.0,0.0,0
1.0,4.0,4.0,4.0,2.0,2.0,0.0,2.0,3.0,1.0,1.0,2.0,0.0,1.0,0.0,0.0,1
3.0,4.0,5.0,4.0,2.0,2.0,0.0,2.0,3.0,1.0,1.0,0.0,0.0,1.0,0.0,0.0,0
3.0,3.185232325236184,4.185232325236184,4.0,1.1852323252361838,0.0,3.0,2.0,0.0,1.1852323252361838,0.18523232523618394,1.8147676747638162,0.8147676747638161,0.8147676747638161,0.8147676747638161,0.0,0
1.0,4.0,2.0,4.0,0.0,2.0,3.0,2.0,3.0,2.0,0.0,1.0,1.0,1.0,0.0,0.0,1
0.0,1.0,1.0,4.0,4.0,3.0,3.0,2.0,0.0,2.0,0.0,1.0,0.0,0.0,0.0,0.0,1
3.0,4.0,4.0,0.0,2.0,2.0,1.0,2.0,1.0,2.0,1.0,2.0,0.0,3.0,0.0,0.0,0
0.0,1.0,8.0,4.0,3.0,2.0,0.0,2.0,1.0,2.0,1.0,0.0,0.0,1.0,0.0,0.0,0
1.0,0.0,1.0,0.0,0.0,1.0,0.0,2.0,3.0,0.0,1.0,0.0,1.0,3.0,0.0,0.0,0
0.0,4.0,1.0,1.0,4.0,3.0,2.0,2.0,3.0,3.0,1.0,2.0,0.0,0.0,0.0,0.0,1
1.0,4.0,4.0,4.0,3.0,2.0,3.0,2.0,2.0,3.0,1.0,2.0,0.0,0.0,0.0,0.0,1
3.0,4.0,6.0,4.0,0.0,2.0,1.0,2.0,1.0,3.0,1.0,2.0,0.0,3.0,0.0,0.0,0
1.0,4.0,4.0,0.519804948764635,3.0,0.7400975256176825,3.0,2.0,2.2202925768530477,0.0,0.7400975256176825,2.0,1.0,1.0,0.0,0.0,0
1.0,4.0,6.0,1.0,2.0,2.0,0.0,2.0,2.0,3.0,1.0,2.0,0.0,1.0,0.0,0.0,1
2.0,4.0,4.0,0.0,3.0,2.0,0.0,2.0,0.0,2.0,1.0,1.0,0.0,1.0,0.0,0.0,1
1.0,4.0,1.0,1.0,2.0,3.0,0.0,2.0,3.0,0.0,1.0,0.0,0.0,1.0,0.0,0.0,1
3.0,4.0,5.0,3.0818692328036423,1.0,2.0,0.0,2.0,3.0,0.612087178130905,1.0,0.0,0.6939564109345475,1.0,0.0,0.0,0
0.0,4.0,4.0,4.0,1.0,2.0,3.0,1.0,1.0,3.0,1.0,2.0,1.0,1.0,0.0,0.0,1
3.0,4.0,5.0,4.0,2.0,0.0,3.0,2.0,3.0,3.0,1.0,2.0,0.0,3.0,1.0,0.0,1
3.0,1.9223479817966331,4.922347981796633,4.0,0.0,2.0,2.922347981796633,2.0,2.922347981796633,0.15530403640673396,0.07765201820336698,1.9223479817966331,0.922347981796633,1.0,0.0,0.0,0
1.0,4.0,2.150961691571489,4.0,2.0,2.849038308428511,0.0,2.0,3.0,1.3019233831429784,1.0,2.0,0.0,1.0,0.0,0.0,0
1.0,4.0,5.0,1.0,0.0,2.0,3.0,2.0,3.0,2.0,1.0,1.0,0.0,1.0,1.0,0.0,1
0.0,3.0,8.0,0.0,1.0,3.0,3.0,2.0,1.0,1.0,1.0,2.0,1.0,3.0,1.0,0.0,1
3.0,4.0,2.0,4.0,0.39981214000933074,1.3998121400093306,3.0,0.7996242800186615,0.6001878599906693,0.39981214000933074,1.0,2.0,0.0,1.0,0.0,0.0,0
0.41030156269012563,2.8206031253802513,0.8206031253802513,4.0,0.0,2.5896984373098744,0.0,2.0,0.0,0.5896984373098744,0.41030156269012563,2.0,0.0,0.0,0.0,0.5896984373098744,0
1.0,0.0,4.0,2.0,0.0,1.0,1.0,2.0,0.0,1.0,1.0,2.0,1.0,3.0,0.0,0.0,1
3.0,4.0,5.0,4.0,1.0,1.0,3.0,2.0,3.0,2.0,0.0,1.0,0.0,0.0,1.0,0.0,1
1.0,3.0,8.0,2.0,0.0,2.0,3.0,2.0,0.0,0.0,1.0,2.0,1.0,1.0,1.0,0.0,1
0.0,0.0,4.0,3.7422788690673596,1.7422788690673596,2.0,3.0,2.0,0.0,1.0,0.1288605654663202,2.0,1.0,3.0,0.0,0.0,0
3.0,1.0,5.0,1.0,0.0,2.0,3.0,2.0,0.0,1.0,0.0,2.0,1.0,3.0,1.0,0.0,0
1.0,4.0,5.0,4.0,3.0,1.0,3.0,2.0,3.0,1.0,1.0,2.0,0.0,0.0,0.0,0.0,1
3.0,0.0,5.0,4.0,3.0,2.0,3.0,2.0,3.0,3.0,1.0,2.0,1.0,3.0,0.0,0.0,1
0.0,2.0,4.0,4.0,0.0,2.0,0.0,2.0,2.0,0.0,1.0,2.0,0.0,1.0,0.0,0.0,0
3.0,4.0,4.0,4.0,0.0,0.0,0.0,2.0,0.0,3.0,1.0,2.0,1.0,1.0,0.0,0.0,0
1.0,4.0,8.0,3.0,3.0,2.0,0.0,2.0,3.0,3.0,0.0,2.0,0.0,3.0,0.0,0.0,1
1.0,0.0,4.0,3.0,3.0,2.0,3.0,2.0,3.0,0.0,1.0,2.0,1.0,1.0,0.0,0.0,1
0.0,4.0,7.0,1.0,0.0,2.0,3.0,2.0,3.0,2.0,1.0,1.0,0.0,1.0,0.0,0.0,1
0.0,2.0,8.0,0.0,1.0,2.0,3.0,2.0,3.0,2.0,1.0,1.0,0.0,3.0,1.0,0.0,0
3.0,4.0,2.0,4.0,3.0,2.0,3.0,2.0,0.0,1.0,1.0,0.0,0.0,0.0,0.0,0.0,0
0.6931899004548039,3.306810099545196,4.693189900454804,4.0,2.693189900454804,1.6931899004548039,3.0,2.0,2.693189900454804,0.0,1.0,2.0,0.6931899004548039,2.3863798009096078,0.6931899004548039,0.0,0
3.0,0.0,5.0,4.0,0.0,0.0,0.0,0.0,0.0,3.0,1.0,2.0,1.0,1.0,0.0,0.0,0
1.0,4.0,5.0,1.0,3.0,2.0,3.0,2.0,1.0,0.0,1.0,2.0,0.0,1.0,0.0,0.0,1
3.0,3.0,8.0,4.0,1.0,1.0,3.0,2.0,2.0,0.0,1.0,2.0,1.0,1.0,0.0,0.0,0
0.0,2.0,1.0,0.0,3.0,0.0,1.0,2.0,3.0,0.0,0.0,2.0,1.0,1.0,0.0,0.0,1
3.0,0.0,1.4242488379551275,3.151502324089745,0.5757511620448724,2.4242488379551275,1.7272534861346172,2.0,3.0,0.0,1.0,2.0,1.0,1.0,0.0,0.0,0
0.0,2.0,2.0,4.0,2.0,2.0,0.0,2.0,1.0,1.0,1.0,0.0,1.0,1.0,0.0,0.0,0
1.0,4.0,4.0,2.0,3.0,0.0,2.0,2.0,0.0,0.0,1.0,2.0,0.0,0.0,0.0,0.0,1
3.0,3.4067333458357485,4.4067333458357485,4.0,2.0,2.0,0.0,2.0,0.8134666916714965,0.4067333458357483,1.0,0.8134666916714965,0.0,2.1865333083285035,0.0,0.0,0
3.0,2.574911326762793,7.0,4.0,2.475029557745736,2.0,0.0,2.0,3.0,1.4750295577457357,1.0,1.5249704422542643,0.0,1.0,0.0,0.0,0
1.0,0.0,2.0,4.0,2.0,1.0,0.0,2.0,3.0,1.0,1.0,0.0,1.0,1.0,0.0,0.0,0
3.0,4.0,4.0,4.0,0.0,2.0,2.9358320802167883,2.0,3.0,1.871664160433577,1.0,0.9358320802167885,0.0,1.0,0.0,0.0,0
1.0,0.0,4.0,4.0,1.0,1.0,3.0,2.0,2.0,3.0,1.0,2.0,2.0,3.0,1.0,0.0,1
2.0,1.0,4.0,3.0,0.0,0.0,0.0,2.0,1.0,3.0,1.0,0.0,1.0,1.0,0.0,0.0,1
3.0,4.0,2.0,4.0,3.0,2.0,0.0,2.0,3.0,1.0,1.0,0.0,0.0,1.0,0.0,0.0,1
3.0,2.0,8.0,4.0,3.502720761145324,1.0,3.0,2.0,3.0,0.502720761145324,1.0,1.005441522290648,1.0,1.0,0.0,0.0,0
2.3030027582750128,0.30300275827501266,5.0,1.0,0.6969972417249873,2.0,3.0,2.0,0.0,2.3939944834499745,0.0,2.0,1.0,3.0,1.0,0.0,0
2.6314153938703826,4.0,5.0,4.0,1.0,2.0,3.0,2.0,2.262830787740765,2.0,0.6314153938703825,1.0,0.0,1.0,1.0,0.0,0
3.0,4.0,5.791764391958236,2.812353412062646,3.0,2.0,3.0,2.0,3.0,2.0,0.395882195979118,1.3958821959791181,0.0,0.0,0.0,0.0,0
1.0,4.0,4.0,4.0,3.0,2.0,3.0,2.0,3.0,0.0,1.0,2.0,0.0,1.0,0.0,0.0,1
3.0,4.0,2.0,4.0,3.039615522579518,2.0,3.0,2.0,2.960384477420482,1.9207689548409645,1.0,1.0396155225795178,0.0,0.07923104515903545,0.0,0.0,0
1.0,0.0,3.0,4.0,0.0,2.0,2.0,2.0,0.0,3.0,1.0,2.0,1.0,1.0,0.0,0.0,1
0.0,4.0,8.0,3.0,2.0,0.0,1.0,2.0,1.0,3.0,0.0,2.0,0.0,1.0,0.0,0.0,1
1.0,4.0,1.0,1.0,1.0,1.0,0.0,2.0,3.0,1.0,2.0,0.0,0.0,3.0,0.0,0.0,1
1.0,4.0,5.0,4.0,0.0,0.0,0.0,2.0,1.0,3.0,1.0,0.0,0.0,1.0,0.0,0.0,0
0.0,4.0,2.0,4.0,0.0,2.0,0.0,2.0,2.0,1.0,1.0,2.0,0.0,1.0,0.0,0.0,0
1.0,0.0,8.0,4.0,0.0,0.0,3.0,2.0,0.0,3.0,1.0,2.0,0.0,0.0,0.0,0.0,1
1.955387698745886,2.089224602508228,4.0,4.0,1.955387698745886,2.0,3.0,2.0,0.0,0.0,1.0,2.0,0.9553876987458859,0.044612301254114084,0.0,0.0,0
2.0,0.0,2.0,1.0,3.0,2.0,3.0,0.0,3.0,2.0,1.0,0.0,1.0,1.0,0.0,0.0,1
3.0,4.0,1.0,2.0,4.0,3.0,0.0,2.0,0.0,1.0,1.0,0.0,0.0,2.0,0.0,0.0,1
3.0,0.0,2.0,4.0,0.0,0.0,1.0,2.0,0.0,1.0,1.0,2.0,1.0,1.0,0.0,0.0,1
3.0,4.0,1.0,4.0,0.0,0.0,3.0,1.0,3.0,2.0,0.0,2.0,0.0,1.0,1.0,0.0,1
0.0,3.576293646544527,4.423706353455473,4.0,3.423706353455473,2.0,3.0,2.0,1.8474127069109456,0.4237063534554728,1.0,2.0,0.0,0.5762936465445272,0.5762936465445272,0.0,0
0.2839999767621011,4.0,4.716000023237899,4.0,1.0,2.0,3.0,2.0,0.0,1.4320000464757978,1.0,2.0,0.0,0.2839999767621011,0.0,0.0,0
3.0,4.0,2.0,4.0,4.0,0.0,0.0,2.0,3.0,2.0,1.0,1.0,0.0,0.0,0.0,0.0,1
3.0,4.0,6.0,4.0,0.0,0.0,3.0,2.0,3.0,0.0,1.0,2.0,0.0,1.0,0.0,0.0,0
0.0,4.0,4.0,1.0,3.0,2.0,3.0,2.0,3.0,1.0,1.0,2.0,0.0,1.0,0.0,0.0,1
3.0,2.2956173533945448,2.0,4.0,1.8521913233027276,2.8521913233027276,0.0,2.0,3.0,1.2956173533945448,1.0,0.0,0.0,1.0,0.0,0.0,0
3.0,0.0,1.2036085254826683,4.0,3.0,1.5927829490346634,3.0,2.0,2.5927829490346634,1.7963914745173317,1.0,1.2036085254826683,1.0,1.0,0.0,0.0,0
0.0,4.0,2.0,4.0,1.0,1.0,0.0,2.0,3.0,3.0,1.0,0.0,0.0,1.0,0.0,0.0,1
0.0,3.805514148735151,4.0972429256324245,0.0,2.0,0.0,0.9027570743675754,2.0,0.09724292563242465,0.0,1.0,0.1944858512648493,0.09724292563242465,1.0,0.0,0.0,0
3.0,4.0,2.0,4.0,2.0,2.0,3.0,0.0,2.0,1.0,1.0,2.0,0.0,3.0,0.0,1.0,1
1.0,0.0,2.0,4.0,2.0,1.0,0.0,2.0,3.0,1.0,1.0,0.0,1.0,3.0,0.0,0.0,1
1.0,3.6952905886245393,8.0,3.1523547056877304,0.0,1.0,3.0,2.0,0.8476452943122695,0.8476452943122695,1.1523547056877304,2.0,1.8476452943122696,0.15235470568773046,0.15235470568773046,0.0,0
0.0,0.0,7.0,4.0,2.0,1.0,0.0,2.0,3.0,2.0,1.0,1.0,1.0,1.0,0.0,0.0,1
0.3803351835275731,3.3803351835275732,3.7606703670551465,2.6196648164724268,0.0,0.3803351835275731,0.6196648164724269,2.0,0.6196648164724269,1.0,1.6196648164724268,2.0,0.6196648164724269,1.0,0.0,0.0,0
0.0,4.0,5.0,4.0,0.0,2.0,0.0,1.0,0.0,2.0,0.0,2.0,0.0,1.0,0.0,0.0,0
0.0,4.0,5.0,4.0,3.0,2.4077695812381634,2.5922304187618366,2.0,0.8155391624763264,2.4077695812381634,1.0,0.5922304187618368,0.4077695812381632,0.4077695812381632,0.0,0.0,0
1.0,4.0,3.0,1.0,3.0,2.0,3.0,2.0,3.0,1.0,1.0,2.0,3.0,1.0,1.0,0.0,1
0.0,4.0,7.0,1.0,0.0,1.0,1.0,2.0,0.0,0.0,1.0,2.0,0.0,1.0,0.0,0.0,1
3.0,4.0,5.0,4.0,0.0,2.0,3.0,2.0,1.0,0.0,1.0,2.0,0.0,3.0,0.0,0.0,0
3.0,4.0,0.0,4.0,4.0,1.0,2.0,0.0,1.0,0.0,1.0,2.0,0.0,0.0,0.0,0.0,1
0.0,4.0,2.0,4.0,2.0,1.0,1.0,2.0,2.0,1.0,1.0,2.0,0.0,1.0,0.0,0.0,1
0.0,0.27295573728867173,7.2729557372886715,4.0,3.0,1.2729557372886717,0.0,2.0,1.0,0.5459114745773435,1.0,1.4540885254226565,0.7270442627113283,0.27295573728867173,0.0,0.0,0
3.0,4.0,4.0,4.0,2.0,2.0,0.0,2.0,3.0,1.0,1.0,0.0,0.0,0.0,0.0,0.0,1
3.0,2.0,8.0,1.0,2.0,1.0,3.0,2.0,1.0,0.0,0.0,2.0,2.0,1.0,0.0,0.0,1
0.0,4.0,4.0,4.0,0.0,2.0,0.0,1.0,3.0,3.0,1.0,2.0,0.0,3.0,1.0,0.0,1
1.0,4.0,1.0,3.0,0.0,1.0,0.0,2.0,3.0,0.0,1.0,0.0,0.0,1.0,0.0,0.0,1
0.0,4.0,5.0,0.0,2.0,2.0,0.0,2.0,0.0,1.0,0.0,2.0,0.0,3.0,0.0,0.0,0
3.0,0.2326269928297655,4.767373007170234,4.0,0.0,2.0,1.2326269928297655,1.2326269928297655,0.465253985659531,1.2326269928297655,0.2326269928297655,0.2326269928297655,0.7673730071702345,1.0,0.0,0.7673730071702345,0
3.0,4.0,7.0,1.0,3.0,2.0,3.0,2.0,3.0,2.0,1.0,2.0,0.0,0.0,0.0,0.0,0
0.0,4.0,5.0,0.0,2.0,2.0,0.0,2.0,0.0,1.0,1.0,2.0,0.0,0.0,0.0,0.0,0
1.0,4.0,2.0,1.0,1.0,2.0,3.0,2.0,0.0,0.0,2.0,2.0,0.0,1.0,0.0,0.0,1
3.0,2.0,2.0,4.0,0.0,1.0,2.0,1.0,0.0,3.0,1.0,2.0,1.0,1.0,0.0,0.0,1
1.0,4.0,8.0,4.0,1.0,2.0,3.0,2.0,2.0,3.0,1.0,2.0,0.0,1.0,0.0,0.0,1
0.0,0.175069076941766,7.941643641019411,4.0,3.0,2.0,2.0583563589805887,2.0,3.0,2.9416436410194113,1.0,1.9416436410194113,0.9416436410194113,1.0,0.0,0.0,0
3.0,3.0,5.0,4.0,4.0,2.0,3.0,2.0,0.0,3.0,1.0,1.0,1.0,1.0,1.0,0.0,0
0.0,3.0,8.0,1.0,3.0,2.0,3.0,2.0,0.0,1.0,1.0,2.0,1.0,1.0,0.0,0.0,1
3.0,3.5098071966215842,5.509807196621584,4.0,0.0,0.0,3.0,2.0,3.0,0.9803856067568317,1.0,1.5098071966215842,0.49019280337841586,1.0,0.49019280337841586,0.0,0
3.0,0.0,5.0,4.0,3.0,2.0,3.0,2.0,3.0,3.0,1.0,2.0,1.0,1.0,0.0,0.0,1
3.0,0.32375751772253714,1.3237575177225371,4.0,3.0,2.0,3.0,2.0,3.0,1.3524849645549257,0.6762424822774629,1.3237575177225371,0.6762424822774629,1.0,0.0,0.0,0
1.0,3.0,1.0,4.0,0.0,0.0,3.0,2.0,0.0,3.0,2.0,2.0,1.0,3.0,0.0,0.0,1
0.0,0.0,2.0,4.0,1.0,2.0,3.0,2.0,1.0,0.0,1.0,0.0,0.0,1.0,0.0,0.0,1
2.0,0.0,5.0,1.0,1.0,2.0,3.0,2.0,0.0,3.0,0.0,2.0,1.0,3.0,1.0,0.0,0
0.0,4.0,2.0,1.0,3.0,3.0,0.0,2.0,0.0,1.0,1.0,2.0,0.0,1.0,0.0,0.0,0
0.3828080591578541,0.0,4.382808059157854,2.765616118315708,0.3828080591578541,1.617191940842146,3.0,2.0,0.0,1.0,0.6171919408421459,2.0,1.0,2.234383881684292,0.0,0.0,0
3.0,1.0,1.0,4.0,0.0,3.0,0.0,1.0,3.0,0.0,0.0,0.0,0.0,1.0,0.0,1.0,1
1.0,4.0,4.0,1.0,0.0,2.0,3.0,2.0,3.0,2.0,1.0,1.0,0.0,1.0,0.0,0.0,1
2.889251359157604,4.0,7.0,4.0,0.0,2.0,3.0,2.0,3.0,0.11074864084239588,1.055374320421198,0.05537432042119794,0.0,2.889251359157604,0.9446256795788021,0.0,0
1.0,4.0,4.0,4.0,2.0,2.0,0.0,2.0,1.0,0.0,1.0,2.0,0.0,1.0,1.0,0.0,1
0.0,0.0,5.0,4.0,3.0,0.0,3.0,1.0,1.0,3.0,1.0,2.0,1.0,1.0,0.0,0.0,0
0.0,4.0,5.0,1.0,4.0,3.0,3.0,2.0,0.0,1.0,1.0,2.0,0.0,2.0,0.0,0.0,0
0.0,0.0,1.0,0.0,2.0,0.0,3.0,2.0,3.0,1.0,1.0,2.0,0.0,1.0,0.0,0.0,1
3.0,4.0,4.0,4.0,3.0,2.0,3.0,2.0,3.0,3.0,0.0,0.0,0.0,3.0,0.0,0.0,1
3.0,4.0,2.0,4.0,0.45311509833057784,2.546884901669422,0.0,2.0,3.0,3.0,1.0,0.0,0.0,1.0,0.0,0.0,0
0.0,0.0,4.0,1.0,1.0,2.0,3.0,1.0,0.0,3.0,0.0,2.0,2.0,1.0,0.0,0.0,1
1.0,4.0,3.0,2.0,1.0,1.0,1.0,2.0,3.0,3.0,1.0,0.0,0.0,3.0,0.0,0.0,1
1.0,4.0,4.0,0.0,3.0,1.0,3.0,2.0,3.0,0.0,1.0,2.0,1.0,1.0,0.0,0.0,0
1.0,3.11827978766616,8.0,4.0,2.2365595753323206,0.8817202123338397,3.0,2.0,0.0,0.0,0.11827978766616032,1.7634404246676794,0.8817202123338397,0.8817202123338397,0.0,0.0,0
1.0,0.0,4.0,1.0,3.0,2.0,3.0,2.0,3.0,0.0,1.0,2.0,1.0,1.0,0.0,0.0,1
0.1510564446870818,2.0,4.1510564446870815,3.5468306659387547,0.0,2.151056444687082,0.0,2.0,2.151056444687082,0.1510564446870818,0.8489435553129182,2.0,0.1510564446870818,1.0,0.0,0.0,0
2.7273428039027716,4.0,4.90911426796759,1.0,0.0,1.9091142679675905,0.09088573203240946,2.0,2.9091142679675905,3.0,1.0,0.18177146406481892,0.0,1.0,0.0,0.0,0
0.6375826945307929,1.0,1.0,2.0872519164076215,3.637582694530793,1.637582694530793,0.0,2.0,2.362417305469207,2.637582694530793,0.0,1.637582694530793,0.0,0.0,0.36241730546920714,0.0,0
3.0,4.0,2.0,4.0,1.0,2.0,0.0,2.0,3.0,3.0,1.0,0.0,0.0,1.0,0.0,0.0,0
2.0,4.0,2.0,4.0,0.0,1.0,3.0,2.0,2.0,3.0,1.0,2.0,0.0,3.0,1.0,0.0,0
1.0,0.0,4.0,4.0,3.0,1.0,3.0,2.0,0.0,2.0,1.0,2.0,1.0,1.0,0.0,0.0,1
0.6527664820677804,4.0,4.34723351793222,0.6527664820677804,2.0,2.6527664820677805,0.0,2.0,1.3055329641355609,0.34723351793221957,1.0,2.0,0.6527664820677804,0.6527664820677804,0.0,0.0,0
2.2269164459451285,4.0,4.226916445945128,4.0,0.2269164459451284,2.0,3.0,0.4538328918902568,0.0,3.0,1.0,2.0,0.0,1.0,0.0,0.0,0
3.0,3.413149412545958,2.0,4.0,1.293425293727021,2.293425293727021,0.0,2.0,3.0,2.413149412545958,1.0,0.0,0.0,1.0,0.0,0.0,0
2.0,4.0,8.0,4.0,1.0,1.0,3.0,2.0,3.0,1.0,1.0,0.0,0.0,1.0,0.0,0.0,1
3.0,4.0,2.0,4.0,0.0,1.0,2.0,2.0,0.0,3.0,1.0,0.0,0.0,3.0,0.0,0.0,1
0.7105284027223456,0.5789431945553087,2.0,4.0,2.0,1.2894715972776543,0.0,2.0,2.4210568054446915,1.0,1.0,0.0,1.0,1.0,0.0,0.0,0
1.0,0.0,7.0,4.0,0.0,3.0,3.0,2.0,1.0,2.0,0.0,1.0,0.0,1.0,0.0,0.0,1
0.0,1.0,7.031028295329648,3.0310282953296483,2.0310282953296483,2.0,0.0,2.0,0.031028295329648237,1.0310282953296483,0.031028295329648237,0.0,0.0,1.0,0.9689717046703518,0.0,0
3.0,2.0,2.0,4.0,0.0,0.0,3.0,2.0,3.0,2.0,1.0,1.0,1.0,1.0,1.0,0.0,0
0.0,4.0,4.260116082170899,1.739883917829101,0.0,2.260116082170899,3.0,2.0,1.520232164341798,2.739883917829101,0.739883917829101,1.739883917829101,0.0,2.479767835658202,0.0,0.0,0
1.0,0.0,1.0,3.0,3.0,2.0,3.0,2.0,0.0,0.0,1.0,2.0,1.0,0.0,0.0,0.0,1
0.0,4.0,4.0,0.0,0.0,2.0,0.0,0.0,3.0,2.0,1.0,1.0,0.0,1.0,0.0,0.0,0
0.0,1.0,7.0,3.151849619653015,1.848150380346985,2.0,0.0,2.0,0.4555488589590455,1.151849619653015,0.0,0.15184961965301513,0.0,1.3036992393060303,0.8481503803469849,0.0,0
1.0,0.0,5.0,4.0,3.0,0.0,3.0,2.0,3.0,3.0,1.0,2.0,1.0,3.0,1.0,1.0,1
1.0,4.0,1.0,4.0,2.0,2.0,0.0,2.0,2.0,2.0,1.0,2.0,0.0,0.0,0.0,0.0,1
0.0,0.0,8.0,4.0,3.0,2.0,2.0,2.0,3.0,3.0,1.0,2.0,1.0,1.0,0.0,0.0,0
0.5199523745708382,0.4800476254291618,5.0,1.0399047491416764,0.4800476254291618,1.0,3.0,2.0,0.4800476254291618,2.0,1.0,1.4800476254291617,0.0,1.0,0.0,0.0,0
1.0,0.0,4.0,4.0,3.0,2.0,3.0,2.0,0.0,0.0,1.0,2.0,1.0,1.0,0.0,0.0,1
1.0,0.0,2.0,4.0,1.0,1.0,3.0,2.0,0.0,1.0,1.0,2.0,1.0,3.0,0.0,0.0,1
0.13051146945336778,0.8694885305466322,5.261022938906736,0.0,0.0,1.1305114694533678,0.8694885305466322,2.0,0.0,1.2610229389067356,1.0,0.26102293890673556,0.13051146945336778,1.0,0.0,0.0,0
0.0,0.0,2.0,4.0,2.0,1.0,3.0,2.0,0.0,3.0,1.0,2.0,1.0,3.0,0.0,0.0,0
0.3035175692985499,4.0,7.30351756929855,0.3035175692985499,0.0,2.69648243070145,2.69648243070145,2.0,2.0894472921043503,2.30351756929855,0.6964824307014501,1.30351756929855,0.0,1.0,0.6964824307014501,0.0,0
3.0,2.0,5.0,4.0,0.0,2.0,3.0,2.0,3.0,0.0,0.0,2.0,1.0,1.0,0.0,0.0,0
0.2259526673013612,3.774047332698639,4.774047332698639,4.0,0.7740473326986388,2.0,3.0,2.0,0.0,1.5480946653972776,1.0,2.0,0.2259526673013612,0.0,0.0,0.0,0
2.0,4.0,4.0,4.0,0.0,1.0,3.0,2.0,0.0,3.0,1.0,2.0,0.0,1.0,0.0,0.0,1
3.0,0.07072487151098183,5.0,4.0,3.0,0.07072487151098183,3.0,0.07072487151098183,2.929275128489018,0.9646375642445091,1.0,0.0,1.0,1.0,0.03536243575549092,0.0,0
0.0,4.0,4.0,1.0,1.0,2.0,3.0,2.0,2.0,0.0,1.0,2.0,1.0,1.0,1.0,0.0,1
1.0,4.0,8.0,4.0,1.0,3.0,3.0,2.0,3.0,3.0,1.0,2.0,0.0,3.0,0.0,0.0,1
0.0,4.0,3.0,0.0,0.0,0.0,0.0,2.0,0.0,3.0,1.0,2.0,0.0,3.0,0.0,0.0,1
1.0,4.0,4.0,4.0,0.0,0.0,3.0,2.0,0.0,0.0,1.0,2.0,0.0,1.0,0.0,0.0,1
3.0,4.0,5.0,4.0,1.6803486660150015,2.0,0.0,2.0,3.0,0.6803486660150015,1.0,0.0,0.31965133398499845,1.0,0.0,0.0,0
1.0,0.0,7.0,0.0,0.0,2.0,0.0,2.0,1.0,0.0,1.0,2.0,0.0,1.0,0.0,0.0,1
3.0,4.0,1.0,1.0,3.0,2.0865947778680414,3.0,2.0,3.0,1.3044684073773194,1.0,1.0,0.0,1.0,0.6955315926226805,0.0,0
3.0,1.1542804880406836,1.5771402440203417,4.0,2.4228597559796583,2.5771402440203417,0.0,2.0,3.0,1.4228597559796583,1.4228597559796583,0.4228597559796582,0.4228597559796582,1.8457195119593164,0.0,0.0,0
1.0,0.0,5.0,4.0,0.0,0.0,3.0,2.0,0.0,1.0,0.0,2.0,1.0,1.0,0.0,0.0,0
3.0,4.0,4.0,4.0,2.0,2.0,0.0,2.0,3.0,3.0,1.0,2.0,0.0,1.0,0.0,0.0,0
1.0,0.0,4.0,4.0,0.0,2.0,0.0,2.0,0.0,0.0,1.0,2.0,0.0,1.0,0.0,0.0,1
1.0,0.0,2.0,1.0,3.0,2.0,3.0,2.0,3.0,1.0,1.0,2.0,0.0,1.0,0.0,0.0,1
1.0,0.0,7.0,1.0,1.0,2.0,0.0,2.0,0.0,0.0,1.0,2.0,0.0,1.0,0.0,0.0,1
3.0,4.0,3.9590538586709174,0.0,1.0614192119936243,2.0204730706645413,1.0204730706645413,2.0,2.0,1.0,1.0,2.0,0.0,1.0,0.0,0.0,0
1.0,4.0,5.0,1.0,0.0,2.0,3.0,2.0,3.0,3.0,1.0,2.0,0.0,1.0,0.0,0.0,1
1.0,4.0,7.0,1.0,3.0,3.0,3.0,2.0,3.0,3.0,1.0,2.0,0.0,3.0,0.0,0.0,1
3.0,0.0,5.0,4.0,3.0,1.9485124256361006,3.0,1.9485124256361006,1.0514875743638994,1.0,1.0,1.9485124256361006,1.0,1.0,0.0,0.0,0
1.0,0.0,5.0,3.0,3.0,2.0,0.0,2.0,3.0,3.0,1.0,2.0,1.0,1.0,0.0,0.0,1
1.0,4.0,8.0,1.5406558104774293,0.0,1.7296720947612854,2.2703279052387146,2.0,0.27032790523871464,2.4593441895225707,0.27032790523871464,2.0,0.5406558104774293,0.7296720947612854,0.0,0.0,0
1.0,1.0,1.0,1.0,4.0,2.0,0.0,2.0,2.0,3.0,0.0,2.0,0.0,0.0,0.0,0.0,0
0.0,4.0,2.0,4.0,1.0,0.0,2.0,2.0,1.0,0.0,1.0,2.0,0.0,1.0,0.0,0.0,0
0.0,0.0,4.0,4.0,3.0,2.0,3.0,2.0,3.0,3.0,1.0,2.0,0.0,1.0,0.0,0.0,1
3.0,4.0,5.0,1.0,3.0,2.0,0.0,2.0,0.0,0.0,0.0,2.0,0.0,1.0,0.0,0.0,0
1.0,0.0,5.0,4.0,3.0,2.0,3.0,2.0,3.0,0.0,1.0,2.0,1.0,0.0,0.0,0.0,1
0.0,1.0,5.0,1.0,4.0,2.0,3.0,0.0,3.0,2.0,1.0,1.0,0.0,0.0,0.0,0.0,1
0.0,0.0,4.0,4.0,0.0,3.0,0.0,2.0,2.0,3.0,1.0,2.0,0.0,3.0,0.0,0.0,1
0.09115628158726163,4.0,3.8176874368254765,4.0,1.8176874368254767,2.0,0.0,2.0,0.0,0.0,1.0,2.0,0.0,0.9088437184127384,0.0,0.0,0
0.0,4.0,4.0,4.0,2.0,1.0,0.0,1.0,3.0,1.0,1.0,2.0,0.0,3.0,0.0,0.0,1
3.0,0.0,1.0,4.0,3.0,2.0,3.0,2.0,1.0,3.0,1.0,2.0,0.0,1.0,0.0,0.0,1
1.0,4.0,2.0,0.0,0.0,2.0,3.0,2.0,2.0,0.0,2.0,2.0,0.0,1.0,0.0,0.0,1
3.0,0.0,1.0200376736576908,4.0,3.0,1.9599246526846186,3.0,2.0,2.9599246526846184,1.9799623263423092,1.0,1.0200376736576908,1.0,1.0,0.0,0.0,0
2.0120362228976543,0.01203622289765427,7.0,4.0,2.0120362228976543,1.0120362228976543,1.9759275542046915,2.0,2.0120362228976543,0.02407244579530854,1.0,0.01203622289765427,0.0,1.0,0.0,0.0,0
3.0,0.0,5.0,4.0,0.0,1.0,3.0,2.0,0.0,3.0,1.0,0.0,1.0,1.0,1.0,0.0,1
2.0,4.0,4.0,4.0,3.0,2.0,3.0,2.0,0.0,0.0,1.0,2.0,0.0,1.0,0.0,0.0,1
1.0,0.0,2.0,2.0,0.0,2.0,3.0,2.0,3.0,3.0,1.0,2.0,1.0,1.0,0.0,0.0,1
1.0,3.0,8.0,4.0,0.0,3.0,3.0,2.0,0.0,2.0,1.0,1.0,0.0,1.0,0.0,0.0,1
1.0,3.0,8.0,2.0,2.0,2.0,3.0,2.0,0.0,3.0,0.0,2.0,0.0,3.0,1.0,0.0,0
0.0,4.0,1.0,4.0,0.0,3.0,1.0,2.0,1.0,0.0,1.0,0.0,0.0,1.0,0.0,0.0,1
1.0,4.0,5.0,1.0,2.0,2.0,3.0,2.0,2.0,1.0,1.0,2.0,0.0,1.0,0.0,0.0,1
1.0,4.0,5.0,2.0,1.0,3.0,0.0,2.0,0.0,0.0,0.0,2.0,0.0,0.0,0.0,0.0,1
1.0,4.0,5.0,2.0,3.0,1.0,3.0,2.0,3.0,2.0,1.0,1.0,0.0,3.0,0.0,0.0,1
0.0,4.0,4.0,4.0,2.0,2.0511389792794925,0.051138979279492625,2.0,0.10227795855898525,0.051138979279492625,1.0,2.0,0.0,1.0,0.0,0.0,0
3.0,2.0,4.0,4.0,0.0,2.0,3.0,2.0,0.0,1.0,1.0,0.0,1.0,1.0,0.0,0.0,0
1.0,4.0,1.0,1.0,3.0,2.0,3.0,2.0,3.0,2.0,0.0,1.0,0.0,1.0,1.0,0.0,1
1.0,4.0,4.0,0.0,0.0,2.0,0.0,0.0,0.0,3.0,1.0,2.0,0.0,1.0,0.0,0.0,1
1.0,3.0,8.0,4.0,0.0,2.0,1.0,2.0,0.0,0.0,1.0,2.0,0.0,1.0,0.0,0.0,0
0.0,4.0,8.0,0.0,1.0,0.0,3.0,2.0,3.0,3.0,1.0,2.0,0.0,3.0,0.0,0.0,1
3.0,1.0,8.0,4.0,1.0,1.0,0.0,1.0,3.0,0.0,1.0,0.0,0.0,1.0,0.0,0.0,0
0.13780848257831668,4.0,2.0,4.0,0.8621915174216833,0.27561696515663336,1.7243830348433666,2.0,0.8621915174216833,0.0,1.0,2.0,0.0,0.8621915174216833,0.0,0.0,0
0.0,3.0,4.0,4.0,0.0,2.0,1.0,0.0,3.0,3.0,1.0,0.0,1.0,1.0,0.0,0.0,1
0.0,0.0,5.0,4.0,2.0,3.0,3.0,2.0,1.0,3.0,0.0,2.0,1.0,3.0,1.0,0.0,1
3.0,4.0,4.0,4.0,0.0,2.0,1.0,2.0,0.0,3.0,1.0,2.0,0.0,3.0,0.0,0.0,1
0.0,4.0,8.0,4.0,2.0,2.0,0.0,2.0,2.0,1.0,1.0,2.0,0.0,1.0,1.0,0.0,1
2.32798800090808,4.0,4.327988000908079,4.0,2.0,0.6720119990919203,0.0,2.0,1.3279880009080798,3.0,0.6720119990919203,2.0,0.0,3.0,0.0,0.0,0
3.0,0.0,1.0,4.0,3.0,2.0,3.0,2.0,3.0,2.0,1.0,1.0,1.0,0.0,0.0,0.0,1
3.0,4.0,5.0,4.0,3.0,2.0,3.0,0.0,2.0,3.0,1.0,2.0,0.0,1.0,0.0,0.0,0
1.0,4.0,1.0,1.0,4.0,1.0,0.0,2.0,3.0,1.0,1.0,0.0,0.0,0.0,0.0,0.0,1
3.0,4.0,4.0,0.0,0.0,2.0,0.0,2.0,0.0,0.0,1.0,2.0,0.0,3.0,0.0,0.0,0
0.0,4.0,5.0,4.0,1.0,0.0,3.0,2.0,3.0,1.0,1.0,0.0,0.0,1.0,1.0,0.0,1
1.0,4.0,2.0,4.0,1.0,1.0,0.0,2.0,3.0,1.0,1.0,0.0,0.0,1.0,0.0,0.0,1
3.0,4.0,2.0,1.0,2.0,3.0,0.0,2.0,0.0,1.0,1.0,2.0,0.0,1.0,0.0,1.0,1
1.0,4.0,5.0,4.0,0.0,1.0,1.0,2.0,0.0,1.0,1.0,2.0,0.0,0.0,0.0,0.0,1
1.0,4.0,4.0,4.0,2.0,0.0,1.0,2.0,3.0,3.0,1.0,2.0,0.0,1.0,0.0,0.0,1
3.0,4.0,6.6415342414026295,4.0,2.0,2.0,0.0,2.0,3.0,0.820767120701315,1.0,2.0,0.0,1.0,0.0,0.0,0
1.0,0.0,5.0,1.0,3.0,2.0,3.0,2.0,3.0,2.0,1.0,1.0,0.0,0.0,0.0,0.0,0
0.0,0.0,5.0,2.0,1.0,0.0,2.0,2.0,1.0,0.0,1.0,2.0,0.0,0.0,0.0,0.0,1
1.0,0.0,4.0,2.0,3.0,2.0,3.0,2.0,1.0,1.0,0.0,2.0,1.0,0.0,0.0,0.0,1
0.0,1.0,5.0,0.0,1.0,1.0,3.0,2.0,1.0,2.0,1.0,2.0,0.0,1.0,0.0,0.0,0
3.0,4.0,4.0,4.0,0.0,0.0,0.0,2.0,0.0,0.0,1.0,2.0,0.0,1.0,0.0,0.0,0
3.0,4.0,5.0,1.0,0.24536720985284477,2.0,0.0,2.0,3.0,2.7546327901471552,1.0,0.0,0.0,1.0,0.0,0.0,0
0.8672894054624648,0.0,5.0,4.0,1.2654211890750704,0.8672894054624648,3.0,1.867289405462465,0.1327105945375352,1.2654211890750704,0.1327105945375352,2.0,1.0,1.0,0.0,0.0,0
1.0,3.0,5.0,4.0,0.0,2.0,3.0,2.0,0.0,0.0,1.0,2.0,1.0,3.0,0.0,0.0,1
0.0,4.0,5.0,4.0,2.0,0.0,0.0,2.0,2.0,0.0,1.0,0.0,0.0,1.0,0.0,0.0,0
3.0,4.0,4.655281872624492,0.6552818726244923,0.0,2.0,0.0,2.0,0.0,0.6552818726244923,1.0,2.0,0.0,1.6894362547510153,0.0,0.0,0
1.0,0.0,5.0,2.0,0.0,2.0,3.0,2.0,3.0,3.0,1.0,2.0,0.0,1.0,0.0,0.0,1
3.0,0.9172079235371717,2.0,4.0,2.0,2.4586039617685858,0.0,0.9172079235371717,3.0,1.5413960382314142,1.0,0.0,0.5413960382314141,2.0827920764628285,0.0,0.0,0
1.0,4.0,4.0,1.0,3.0,2.0,3.0,2.0,0.0,0.0,1.0,2.0,1.0,1.0,0.0,0.0,1
3.0,4.0,2.0,0.3695520631332089,3.630447936866791,2.630447936866791,2.369552063133209,2.0,2.369552063133209,1.0,1.0,2.0,0.0,1.0,0.0,0.0,0
0.0,3.0,5.0,4.0,3.0,2.0,3.0,2.0,3.0,2.0,0.0,1.0,1.0,1.0,0.0,0.0,0
2.0,4.0,5.0,4.0,1.0,2.0,3.0,2.0,1.0,2.0,0.0,1.0,0.0,1.0,1.0,0.0,0
2.0,1.0,8.0,4.0,2.0,2.0,0.0,2.0,2.0,3.0,0.0,2.0,0.0,2.0,0.0,0.0,0
3.0,1.0,7.0,4.0,3.0,2.0,0.0,2.0,3.0,2.0,1.0,1.0,0.0,1.0,0.0,0.0,0
3.0,4.0,2.0,1.0,3.0,1.0,2.0,2.0,3.0,1.0,1.0,2.0,0.0,3.0,0.0,0.0,1
0.6387617573665293,2.0,6.0837147279004125,0.6387617573665293,0.0,2.638761757366529,0.0,2.0,3.0,0.6387617573665293,0.3612382426334707,1.2775235147330586,1.0,1.7224764852669414,0.0,0.0,0
3.0,0.0,5.0,4.0,0.0,3.0,3.0,2.0,0.0,3.0,1.0,2.0,1.0,3.0,1.0,0.0,1
1.0,0.0,1.0,4.0,3.0,2.0,0.0,2.0,0.0,0.0,1.0,0.0,1.0,0.0,0.0,0.0,1
1.0,0.0,5.0,1.0,3.0,3.0,0.0,2.0,3.0,0.0,1.0,2.0,0.0,1.0,0.0,0.0,1
3.0,4.0,5.0,1.0,0.0,2.0,0.0,2.0,0.0,1.0,1.0,2.0,0.0,1.0,0.0,0.0,0
3.0,1.8845157028612518,4.884515702861252,4.0,0.0,2.0,2.884515702861252,2.0,2.884515702861252,0.23096859427749616,0.11548429713874808,1.8845157028612518,0.8845157028612519,1.0,0.0,0.0,0
0.0,4.0,5.0,1.0,0.0,3.0,0.0,2.0,0.0,3.0,1.0,2.0,0.0,3.0,0.0,0.0,1
3.0,4.0,2.0,4.0,3.0,1.0,3.0,2.0,0.0,1.0,0.0,2.0,0.0,1.0,1.0,0.0,0
3.0,0.0,1.0,0.0,1.0,3.0,1.0,2.0,3.0,0.0,1.0,0.0,1.0,1.0,0.0,0.0,1
0.0,3.0,5.0,1.0,0.0,2.0,0.0,2.0,3.0,0.0,1.0,0.0,1.0,1.0,0.0,0.0,1
3.0,3.783234438313813,5.433531123372374,4.0,0.7832344383138131,1.216765561686187,2.216765561686187,2.0,1.0,0.21676556168618688,1.216765561686187,2.0,0.0,1.0,0.0,0.0,0
1.0,4.0,2.0,2.0,3.0,0.0,3.0,2.0,3.0,1.0,1.0,2.0,0.0,1.0,0.0,0.0,1
2.0,2.0,4.0,4.0,2.0,2.0,3.0,2.0,0.0,0.0,1.0,2.0,1.0,0.0,0.0,0.0,0
1.0,4.0,4.0,4.0,0.0,2.0,3.0,2.0,0.0,2.0,1.0,1.0,0.0,0.0,0.0,0.0,1
1.0,4.0,5.0,0.0,0.0,0.0,3.0,2.0,0.0,3.0,1.0,0.0,0.0,3.0,0.0,1.0,1
3.0,4.0,4.0,1.0,1.0,1.0,1.0,2.0,3.0,0.0,1.0,0.0,1.0,3.0,0.0,0.0,1
3.0,4.0,5.0,4.0,1.041259076943407,2.0,3.0,2.0,2.958740923056593,2.041259076943407,1.0,1.041259076943407,0.0,1.082518153886814,1.0,0.0,0
3.0,4.0,4.076486769030286,4.0,0.0,0.0,0.0,2.0,0.0,2.8470264619394294,1.0,2.0,0.9235132309697146,1.0,0.0,0.0,0
2.0,2.0,8.0,4.0,2.0,1.0,2.0,2.0,2.0,1.0,1.0,2.0,1.0,1.0,0.0,0.0,1
3.0,4.0,5.0,4.0,2.0,1.0,3.0,2.0,1.0,3.0,1.0,2.0,0.0,1.0,0.0,0.0,1
1.0,4.0,3.0,4.0,2.0,2.0,0.0,2.0,3.0,3.0,1.0,2.0,0.0,1.0,0.0,0.0,0
2.0,4.0,7.0,4.0,3.0,2.0,3.0,2.0,3.0,0.0,1.0,0.0,0.0,0.0,0.0,0.0,1
3.0,2.0,1.0,4.0,3.0,0.0,3.0,2.0,3.0,2.0,1.0,1.0,1.0,1.0,1.0,0.0,0
1.0,4.0,5.0,4.0,3.0,2.0,0.0,0.0,3.0,2.0,1.0,1.0,0.0,1.0,0.0,0.0,1
0.0,4.0,5.0,1.0,1.0,3.0,0.0,2.0,0.0,0.0,1.0,2.0,0.0,1.0,0.0,0.0,1
3.0,4.0,1.5293790960819271,4.0,2.0587581921638543,2.0,3.0,2.0,3.0,2.0,1.0,1.0,0.9412418078361457,0.4706209039180729,0.4706209039180729,0.0,0
3.0,0.0,7.0,4.0,0.0,2.0,3.0,2.0,1.0,2.0,0.0,2.0,0.0,1.0,0.0,0.0,0
1.0,4.0,4.0,4.0,1.0,0.0,3.0,2.0,0.0,1.0,1.0,2.0,0.0,1.0,1.0,0.0,1
1.0,4.0,5.0,1.0,0.0,2.0,3.0,1.0,3.0,1.0,1.0,2.0,0.0,3.0,0.0,0.0,0
1.0,4.0,4.0,4.0,4.0,0.0,0.0,0.0,3.0,3.0,1.0,0.0,0.0,1.0,0.0,0.0,0
3.0,4.0,2.0,4.0,3.5962072593326653,1.5962072593326655,3.0,2.0,1.192414518665331,0.4037927406673345,0.5962072593326655,2.0,0.0,1.5962072593326655,0.4037927406673345,0.0,0
0.0,4.0,2.0,4.0,0.0,3.0,0.0,2.0,0.0,0.0,0.0,2.0,0.0,1.0,0.0,0.0,0
0.5427765466461429,2.542776546646143,8.0,4.0,0.0,1.542776546646143,1.9144469067077141,2.0,0.0,0.0,1.457223453353857,2.0,0.0,1.0,0.0,0.0,0
3.0,4.0,4.992011243414474,4.0,0.9920112434144741,0.9920112434144741,1.9840224868289482,2.0,0.9920112434144741,0.0,1.0,2.0,0.0,1.0,0.0,0.0,0
0.0,4.0,7.0,4.0,0.0,2.0,3.0,2.0,3.0,2.0,1.0,1.0,0.0,1.0,0.0,0.0,0
0.0,4.0,4.077888538232807,4.0,0.0,1.077888538232807,0.0,1.922111461767193,0.0,2.922111461767193,0.922111461767193,2.0,0.0,1.0,0.0,0.0,0
3.0,3.0,7.541861172739957,4.0,1.4581388272600428,1.0,3.0,2.0,2.0,0.45813882726004285,1.4581388272600428,2.0,1.0,1.0,0.0,0.0,0
1.0,0.0,7.0,4.0,3.0,2.0,3.0,2.0,3.0,2.0,1.0,1.0,1.0,1.0,1.0,0.0,1
0.0,2.0,8.0,0.0,0.0,2.0,0.0,2.0,3.0,0.0,1.0,0.0,1.0,3.0,0.0,0.0,0
0.0,4.0,2.0,3.0,2.0,3.0,0.0,2.0,3.0,3.0,1.0,0.0,0.0,3.0,0.0,0.0,1
3.0,1.0,2.0,4.0,0.6035030443634188,1.6982484778182907,2.6982484778182907,2.0,1.3017515221817093,0.3017515221817094,0.0,2.0,0.0,1.0,0.0,0.0,0
0.0,3.0,2.0,4.0,3.48998314768175,1.0200337046365004,1.0200337046365004,2.0,0.5100168523182502,1.5100168523182502,1.0,2.0,0.0,0.0,0.0,0.0,0
0.0,2.0,8.0,4.0,0.0,1.0,0.0,2.0,2.0,0.0,1.0,2.0,1.0,1.0,0.0,0.0,1
1.0,0.0,5.0,0.0,0.0,2.0,0.0,2.0,3.0,0.0,1.0,2.0,1.0,3.0,0.0,0.0,1
1.3426861708885245,4.0,4.828656914555737,2.3426861708885243,0.0,0.8286569145557378,0.0,2.0,0.0,0.8286569145557378,1.0,2.0,0.0,1.0,0.0,0.0,0
1.8397695336798567,4.0,2.0,4.0,0.0,1.0,3.0,2.0,1.6795390673597135,3.0,1.0,1.6795390673597135,0.0,3.0,0.8397695336798567,0.0,0
1.0,0.0,4.0,1.0,3.0,2.0,3.0,2.0,3.0,3.0,1.0,2.0,3.0,1.0,0.0,0.0,1
0.853053354599625,4.0,2.0,2.2938932908007503,0.0,2.0,0.0,2.0,2.853053354599625,0.14694664540037505,1.0,0.2938932908007501,0.0,2.7061067091992497,0.0,0.0,0
1.0,0.0,1.0,4.0,3.0,1.0,3.0,2.0,0.0,1.0,1.0,2.0,1.0,1.0,1.0,0.0,1
1.0,0.0,4.0,4.0,0.0,2.0,3.0,2.0,0.0,0.0,1.0,2.0,1.0,1.0,0.0,0.0,1
3.0,4.0,2.0,4.0,0.0,1.0,3.0,0.8378361406558739,0.5810819296720631,0.0,1.0,2.0,0.0,1.0,0.0,0.0,0
3.0,4.0,1.0,1.0,3.0,1.0,0.0,2.0,3.0,3.0,1.0,0.0,0.0,1.0,0.0,0.0,1
1.0,4.0,8.0,3.0,0.0,1.0,3.0,2.0,1.0,1.0,1.0,2.0,2.0,0.0,0.0,0.0,0
1.0,4.0,5.0,4.0,0.0,2.0,2.0,2.0,0.0,3.0,1.0,2.0,0.0,3.0,0.0,0.0,1
0.0,3.0,1.0,4.0,3.0,3.0,3.0,2.0,0.0,0.0,1.0,2.0,1.0,0.0,0.0,0.0,1
3.0,4.0,4.0,4.0,0.0,2.0,3.0,2.0,3.0,2.0,1.0,1.0,1.0,1.0,0.0,0.0,0
3.0,1.377768941160205,4.0,4.0,0.0,2.0,2.377768941160205,2.0,1.2444621176795898,1.622231058839795,1.0,0.6222310588397949,0.3777689411602051,1.0,0.0,0.0,0
0.0,3.0,3.0,3.0,0.0,0.0,1.0,2.0,1.0,1.0,2.0,2.0,1.0,1.0,0.0,0.0,0
1.0,4.0,4.0,4.0,0.0,3.0,3.0,2.0,0.0,3.0,1.0,2.0,0.0,1.0,1.0,0.0,1
0.0,1.188138856070037,0.1254259040466914,0.0627129520233457,2.937287047976654,0.1254259040466914,0.0,2.0,2.8745740959533084,2.062712952023346,0.0627129520233457,0.9372870479766543,0.9372870479766543,0.0627129520233457,0.0,0.0,0
1.0,4.0,5.0,4.0,0.0,3.0,3.0,2.0,3.0,1.0,1.0,2.0,0.0,3.0,1.0,0.0,1
2.409015834676315,3.409015834676315,8.0,4.0,3.0,2.0,3.0,1.1819683306473698,3.0,2.590984165323685,1.0,1.1819683306473698,0.0,0.4090158346763151,0.0,0.0,0
1.0,4.0,5.0,4.0,3.0,2.0,3.0,2.0,3.0,0.0,1.0,2.0,0.0,0.0,0.0,0.0,1
3.0,4.0,2.0,4.0,3.0,2.0,3.0,2.0,0.0,0.0,1.0,2.0,0.0,1.0,1.0,0.0,0
3.0,4.0,0.0,4.0,3.0,2.0,0.0,1.0,3.0,3.0,1.0,2.0,0.0,3.0,0.0,0.0,1
0.0,3.0,4.0,0.0,1.0,0.0,0.0,2.0,0.0,1.0,1.0,0.0,1.0,1.0,0.0,0.0,1
3.0,1.0,2.0,4.0,2.800770139557457,1.8007701395574573,3.0,2.0,3.0,0.0,0.0,2.0,0.0,1.0,0.0,0.0,0
0.0,1.0,5.0,0.0,2.0,3.0,0.0,2.0,2.0,1.0,2.0,2.0,0.0,3.0,0.0,0.0,0
3.0,4.0,5.0,4.0,0.0,2.0,0.0,2.0,0.0,3.0,1.0,2.0,0.0,3.0,0.0,0.0,0
1.0,4.0,4.0,2.0,3.0,0.0,3.0,2.0,0.0,0.0,1.0,2.0,0.0,1.0,1.0,0.0,1
3.0,1.0,2.0,4.0,1.0,0.0,3.0,2.0,3.0,0.0,0.0,2.0,0.0,1.0,0.0,0.0,0
0.0,4.0,4.0,4.0,2.0,2.0,1.0,1.0,2.0,3.0,0.0,2.0,0.0,3.0,0.0,0.0,1
0.0,0.0,5.0,1.0,3.0,2.0,3.0,2.0,3.0,3.0,1.0,2.0,1.0,1.0,0.0,0.0,1
1.9842317929831192,0.0,4.992115896491559,1.0078841035084403,0.9921158964915596,2.0,3.0,2.0,0.0,2.9842317929831195,0.007884103508440377,2.0,1.0,3.0,0.9921158964915596,0.0,0
1.0,4.0,4.0,1.0,1.0,1.0,1.0,2.0,3.0,1.0,1.0,0.0,0.0,1.0,0.0,0.0,1
2.0,4.0,7.0,4.0,2.0,2.0,0.0,2.0,3.0,1.0,1.0,0.0,0.0,1.0,0.0,0.0,1
1.0,4.0,4.0,1.0,2.0,3.0,0.0,2.0,2.0,0.0,1.0,2.0,1.0,1.0,0.0,0.0,0
2.8309745938708386,2.1690254061291614,8.0,4.0,3.8309745938708386,1.1690254061291614,3.0,2.0,3.0,1.3380508122583226,1.0,2.0,0.8309745938708387,0.8309745938708387,0.0,0.0,0
3.0,0.851859139051835,5.0,4.0,3.851859139051835,2.70371827810367,0.4444225828444951,0.14814086094816503,3.0,1.851859139051835,1.0,0.0,0.851859139051835,1.851859139051835,0.0,0.14814086094816503,0
0.0,0.0,8.0,2.0,0.0,1.0,3.0,2.0,3.0,0.0,0.0,2.0,0.0,1.0,0.0,0.0,1
3.0,4.0,2.7134137808050856,4.0,0.7134137808050858,0.6432931095974571,0.0,2.0,3.0,0.3567068904025429,1.0,0.0,0.0,1.0,0.0,0.0,0
0.0,4.0,5.0,0.0,0.0,1.0,0.0,2.0,3.0,0.0,1.0,0.0,1.0,1.0,0.0,0.0,0
1.0,3.0,4.0,1.0,3.0,0.0,3.0,2.0,3.0,2.0,1.0,1.0,0.0,1.0,0.0,0.0,1
3.0,4.0,4.348475989033497,4.0,0.6969519780669942,2.0,0.0,2.0,3.0,0.3484759890334971,0.3484759890334971,0.0,0.6515240109665029,1.0,0.0,0.0,0
1.0,0.0,4.0,1.0,0.0,3.0,3.0,2.0,0.0,3.0,1.0,2.0,1.0,3.0,1.0,0.0,1
1.0,0.0,5.0,2.0,0.0,3.0,1.0,2.0,0.0,0.0,1.0,2.0,0.0,1.0,0.0,0.0,1
3.0,4.0,2.0,4.0,2.0,3.0,0.0,2.0,3.0,0.0,1.0,0.0,0.0,1.0,0.0,0.0,1
3.0,4.0,4.618826168241377,4.0,0.0,0.0,0.0,2.0,0.0,0.6188261682413765,1.0,2.0,0.0,1.0,0.0,0.0,0
0.0,3.3679275805370414,4.367927580537041,0.0,1.6320724194629586,1.2641448389259173,3.0,2.0,0.6320724194629587,1.6320724194629586,1.6320724194629586,2.0,0.6320724194629587,0.36792758053704133,0.0,0.0,0
0.7507648618863519,4.0,3.249235138113648,4.0,2.0,2.249235138113648,0.24923513811364806,2.0,2.750764861886352,3.0,1.0,1.5015297237727039,0.0,1.0,0.0,0.0,0
0.0,1.0,7.0,3.0,2.0,2.0,0.0,2.0,0.0,1.0,0.0,0.0,0.0,1.0,1.0,0.0,0
1.0,4.0,2.0,4.0,2.0,3.0,0.0,2.0,3.0,1.0,1.0,2.0,0.0,1.0,0.0,0.0,0
1.0,4.0,2.0,0.0,2.0,1.0,0.0,2.0,3.0,1.0,1.0,0.0,0.0,1.0,0.0,0.0,1
2.0,4.0,4.0,4.0,0.0,0.0,1.0,2.0,2.0,0.0,1.0,2.0,0.0,1.0,0.0,0.0,1
2.0,4.0,4.0,4.0,2.0,1.0,0.0,2.0,1.0,3.0,1.0,2.0,0.0,3.0,0.0,0.0,0
0.39960776290236044,3.3996077629023604,8.0,2.8011767112929187,0.0,1.3996077629023604,2.0,2.0,0.0,3.0,1.2007844741952791,2.0,0.6003922370976396,0.39960776290236044,0.0,0.0,0
0.554687808661419,3.445312191338581,7.554687808661419,0.554687808661419,1.109375617322838,2.445312191338581,3.0,2.0,3.0,0.890624382677162,1.0,0.445312191338581,0.554687808661419,1.0,0.445312191338581,0.0,0
0.0,4.0,4.0,4.0,3.0,0.0,1.0,1.0,1.0,3.0,0.0,2.0,1.0,3.0,0.0,0.0,1
1.0,4.0,5.0,0.0,2.0,2.0,1.0,2.0,1.0,3.0,1.0,2.0,0.0,1.0,0.0,0.0,1
0.0,0.4486340579494785,2.4486340579494783,4.0,1.5513659420505215,1.2243170289747392,0.0,2.0,2.775682971025261,0.0,0.22431702897473926,2.0,0.0,2.5513659420505217,0.0,0.0,0
0.9425835996979304,4.0,2.0,4.0,0.0,1.0574164003020696,3.0,2.0,0.0,2.8851671993958607,1.0,0.11483280060413925,0.0,3.0,0.0,0.0,0
3.0,3.751586534917029,4.248413465082971,4.0,0.0,1.503173069834058,3.0,2.0,3.0,2.0,1.0,1.0,1.0,1.0,0.24841346508297102,0.0,0
1.0,3.0,1.0,1.0,1.0,0.0,3.0,2.0,0.0,0.0,2.0,2.0,0.0,0.0,1.0,0.0,1
0.0,4.0,2.0,1.0,1.0,1.0,3.0,2.0,2.0,0.0,1.0,2.0,0.0,1.0,0.0,0.0,1
3.0,0.0,5.0,4.0,3.0,0.0,3.0,0.0,3.0,1.0,1.0,0.0,1.0,1.0,0.0,0.0,0
3.0,4.0,2.0,4.0,0.0,1.0,3.0,0.0,0.0,1.0,1.0,2.0,0.0,3.0,1.0,0.0,1
3.0,4.0,4.0,4.0,2.0,2.0,2.0,2.0,1.0,1.0,1.0,2.0,0.0,1.0,0.0,0.0,0
2.0,4.0,6.0,4.0,0.0,1.0,3.0,2.0,0.0,0.0,1.0,2.0,0.0,1.0,0.0,0.0,1
3.0,0.0,1.0,4.0,3.0,0.0,3.0,2.0,3.0,2.0,1.0,1.0,2.0,0.0,1.0,0.0,1
2.3408235281499716,0.34082352814997174,5.0,1.6591764718500284,0.6591764718500283,2.0,1.6816470562999435,2.0,0.0,2.3183529437000567,0.6591764718500283,2.0,1.6591764718500284,1.6816470562999435,0.34082352814997174,0.0,0
3.0,4.0,2.0,4.0,4.0,2.0,3.0,2.0,2.0,0.0,1.0,2.0,0.0,2.0,0.0,0.0,0
3.0,4.0,4.0,0.03330462654669619,1.0,2.0,0.9666953734533038,2.0,1.966695373453304,0.9666953734533038,1.0,2.0,0.0,0.9666953734533038,0.0,0.0,0
3.0,0.0,2.0,4.0,0.0,1.0,2.0,2.0,1.0,1.0,1.0,2.0,1.0,1.0,0.0,0.0,1
1.0,4.0,2.0,4.0,0.0,3.0,1.0,2.0,0.0,1.0,1.0,0.0,0.0,1.0,0.0,0.0,1
1.0,4.0,4.0,2.0,3.0,0.0,3.0,2.0,3.0,0.0,1.0,2.0,0.0,1.0,0.0,0.0,1
3.0,0.0,3.0,4.0,4.0,2.0,3.0,0.0,3.0,0.0,1.0,2.0,1.0,2.0,0.0,0.0,1
2.569597560491939,4.0,4.569597560491939,4.0,2.0,0.43040243950806123,0.0,2.0,1.5695975604919388,3.0,0.43040243950806123,2.0,0.0,3.0,0.0,0.0,0
1.0,3.0,8.0,1.0,0.0,2.0,3.0,2.0,3.0,3.0,1.0,2.0,1.0,1.0,1.0,0.0,1
3.0,0.0,5.0,4.0,1.0,3.0,3.0,2.0,3.0,3.0,1.0,2.0,1.0,3.0,0.0,1.0,1
3.0,4.0,5.913039782525311,4.0,2.0,2.0,0.0,2.0,2.4565198912626554,1.0,1.0,2.0,0.0,1.0,0.0,0.0,0
3.0,0.0,5.0,4.0,3.0,2.0,3.0,2.0,3.0,0.0,1.0,2.0,1.0,3.0,0.0,0.0,0
3.0,1.0,5.0,0.0,1.0,1.0,3.0,2.0,1.0,0.0,0.0,2.0,0.0,1.0,0.0,0.0,1
0.03203443339577294,3.967965566604227,8.0,4.0,0.0,1.032034433395773,2.935931133208454,2.0,0.0,0.0,1.0,2.0,0.0,1.0,0.0,0.0,0
1.0,4.0,4.0,1.0,3.0,2.0,3.0,2.0,3.0,0.0,1.0,2.0,0.0,1.0,0.0,0.0,1
3.0,2.0,3.0,4.0,1.0,2.0,3.0,2.0,1.0,3.0,1.0,2.0,1.0,1.0,0.0,0.0,0
2.980690003121788,4.0,2.0,4.0,2.0,1.009654998439106,1.990345001560894,1.9806900031217878,2.990345001560894,1.0,1.0,2.0,0.0,3.0,0.00965499843910611,0.0,0
3.0,4.0,5.0,1.0,0.0,2.0,1.0,2.0,0.0,0.0,1.0,2.0,0.0,1.0,0.0,0.0,0
3.0,1.0,2.0,4.0,2.0,1.0,2.0,2.0,2.0,1.0,0.0,2.0,0.0,1.0,0.0,0.0,0
0.0,3.0,4.0,4.0,2.0,3.0,3.0,2.0,0.0,0.0,1.0,2.0,0.0,1.0,0.0,0.0,1
3.0,0.3799269559001205,5.759853911800241,4.0,3.0,2.6200730440998794,0.0,2.0,3.0,2.6200730440998794,0.3799269559001205,0.3799269559001205,1.240146088199759,1.0,0.0,0.0,0
0.0,3.0,8.0,1.0,0.0,2.0,3.0,2.0,0.0,1.0,0.0,2.0,1.0,0.0,0.0,0.0,1
0.34851936949256324,4.0,5.6970387389851265,0.0,0.6514806305074368,0.0,3.0,2.0,0.0,1.0,1.0,2.0,0.0,0.6514806305074368,0.0,0.0,0
3.0,2.0,5.0,4.0,3.0,2.0,3.0,2.0,1.0,0.0,1.0,0.0,1.0,1.0,1.0,0.0,0
2.0,0.0,1.0,2.0,0.0,1.0,3.0,2.0,0.0,0.0,1.0,2.0,0.0,1.0,0.0,0.0,1
3.0,0.0,4.0,3.0,3.0,2.0,0.0,2.0,3.0,1.0,1.0,0.0,1.0,0.0,0.0,0.0,1
3.0,4.0,5.732004604510679,4.0,2.0,2.0,0.0,2.0,3.0,1.0,1.0,0.7320046045106785,0.0,1.0,0.0,0.0,0
3.0,0.0,2.0,1.0,1.0,2.0,3.0,2.0,3.0,1.0,1.0,2.0,1.0,0.0,0.0,0.0,1
0.695270005904686,4.0,3.390540011809372,1.0,2.304729994095314,3.0,0.0,2.0,1.390540011809372,0.304729994095314,1.0,2.0,0.695270005904686,1.0,0.0,0.0,0
2.133461470934934,0.13346147093493443,5.0,1.0,0.8665385290650656,2.0,3.0,2.0,0.0,2.733077058130131,0.0,2.0,1.0,3.0,1.0,0.0,0
0.6722795984428811,0.0,4.672279598442881,4.0,1.327720401557119,1.327720401557119,3.0,2.0,0.0,1.0,0.0,2.0,1.0,1.6554408031142378,0.0,0.0,0
0.0,4.0,4.0,4.0,2.0,3.0,1.0,2.0,2.0,3.0,1.0,0.0,0.0,1.0,0.0,0.0,0
0.0,4.0,2.0,4.0,2.0,3.0,0.0,2.0,0.0,0.0,0.0,2.0,0.0,1.0,0.0,0.0,0
1.0,4.0,5.0,1.0,4.0,2.0,3.0,2.0,3.0,2.0,1.0,2.0,0.0,0.0,0.0,0.0,1
3.0,4.0,1.2460631849909645,4.0,0.0,1.0,3.0,2.0,0.0,0.7539368150090355,1.0,2.0,0.0,1.0,0.7539368150090355,0.0,0
0.0,4.0,4.0,0.0,2.0,1.0,3.0,2.0,2.0,0.0,1.0,2.0,0.0,1.0,0.0,0.0,1
1.0,4.0,2.0,4.0,4.0,2.0,0.0,2.0,0.0,0.0,1.0,2.0,1.0,0.0,0.0,0.0,0
0.0,4.0,5.0,4.0,1.7935223164488197,0.0,0.0,2.0,3.0,0.10323884177559017,1.0,1.7935223164488197,0.0,3.0,0.0,0.0,0
1.0,0.0,1.0,4.0,1.0,0.0,3.0,2.0,2.0,0.0,1.0,2.0,1.0,1.0,0.0,0.0,1
2.8585828346054276,4.0,4.0,0.07070858269728608,1.0707085826972862,2.070708582697286,0.9292914173027139,2.0,2.0,0.9292914173027139,1.0,2.0,0.07070858269728608,1.0,0.0,0.0,0
1.0,4.0,5.0,1.0,0.0,1.0,3.0,2.0,3.0,0.0,2.0,0.0,1.0,1.0,0.0,0.0,0
3.0,0.0,5.0,4.0,1.0,2.0,0.0,2.0,1.0,1.0,1.0,2.0,1.0,1.0,0.0,0.0,1
1.0,4.0,4.0,4.0,0.0,0.0,0.0,2.0,2.0,3.0,1.0,2.0,0.0,1.0,0.0,0.0,1
1.0,0.0,8.0,1.0,3.0,2.0,3.0,2.0,3.0,3.0,1.0,2.0,1.0,1.0,0.0,0.0,1
3.0,4.0,1.0,4.0,3.0,0.0,3.0,2.0,3.0,2.0,1.0,1.0,0.0,1.0,0.0,0.0,0
1.0578798580617663,4.0,5.0,4.0,1.0,2.0,3.0,2.0,0.5289399290308832,2.0,0.47106007096911684,1.4710600709691168,0.0,0.5289399290308832,0.5289399290308832,0.0,0
1.0,1.0,4.0,0.0,3.0,2.0,3.0,2.0,3.0,0.0,0.0,2.0,0.0,3.0,1.0,0.0,1
1.0,1.0,8.0,4.0,1.0,2.0,3.0,2.0,3.0,0.0,0.0,2.0,0.0,1.0,0.0,0.0,1
3.0,4.0,4.0,2.0,0.0,1.0,3.0,2.0,1.0,3.0,1.0,0.0,0.0,1.0,1.0,0.0,1
0.0,4.0,4.6073243234529055,3.6073243234529055,1.0,2.3926756765470945,3.0,1.2146486469058113,0.0,2.0,0.6073243234529057,2.0,0.39267567654709434,0.39267567654709434,0.0,0.0,0
1.0,0.0,4.0,4.0,3.0,2.0,3.0,2.0,3.0,3.0,1.0,2.0,0.0,1.0,0.0,0.0,1
1.0,2.0,4.0,4.0,3.0,2.0,1.0,2.0,3.0,0.0,1.0,2.0,0.0,3.0,0.0,0.0,1
3.0,3.2911404889120077,1.3544297555439961,4.0,3.0,0.0,3.0,2.0,3.0,2.0,0.6455702444560039,0.6455702444560039,0.35442975554399614,1.0,0.35442975554399614,0.0,0
2.1965729292408027,0.0,6.196572929240803,4.0,0.40171353537959864,1.5982864646204014,3.0,2.0,0.5982864646204014,1.5982864646204014,0.0,2.0,0.40171353537959864,1.0,0.0,0.0,0
1.0,4.0,5.0,1.0,3.0,2.0,0.0,2.0,3.0,2.0,1.0,1.0,0.0,0.0,0.0,0.0,1
3.0,0.0,5.0,4.0,0.0,1.0,3.0,2.0,0.0,3.0,1.0,0.0,1.0,1.0,1.0,0.0,1
3.0,0.0,1.0,4.0,3.0,2.0,0.0,2.0,3.0,2.0,2.0,1.0,1.0,3.0,0.0,0.0,0
0.18424881129134785,4.0,5.0,4.0,1.0,2.0,3.0,2.0,0.09212440564567392,2.0,0.9078755943543261,1.907875594354326,0.0,0.09212440564567392,0.09212440564567392,0.0,0
2.0,4.0,4.0,4.0,0.0,2.0,3.0,0.0,0.0,3.0,1.0,2.0,0.0,1.0,0.0,0.0,0
2.135437037637403,4.0,3.5677185188187015,4.0,2.0,2.0,0.0,2.0,3.0,3.0,1.0,2.0,0.0,1.0,0.0,0.0,0
3.0,4.0,4.0,3.0,2.0,2.0,0.0,2.0,0.0,0.0,0.0,2.0,0.0,1.0,0.0,0.0,1
0.0,4.0,5.0,4.0,1.5026086345013372,0.4973913654986627,0.4973913654986627,2.0,2.0052172690026744,0.0,0.5026086345013373,2.0,0.0,3.0,0.0,0.0,0
3.0,4.0,5.0,3.0,0.0,3.0,3.0,2.0,1.0,1.0,1.0,2.0,0.0,1.0,1.0,0.0,1
1.0,0.0,7.0,1.0,3.0,2.0,0.0,2.0,3.0,1.0,1.0,0.0,1.0,3.0,0.0,0.0,1
1.0,0.0,4.0,4.0,1.0,3.0,0.0,2.0,0.0,0.0,1.0,0.0,1.0,1.0,0.0,0.0,1
1.0,3.502223092174658,8.0,4.0,3.0044461843493164,0.4977769078253418,3.0,2.0,0.0,0.0,0.5022230921746582,0.9955538156506836,0.4977769078253418,0.4977769078253418,0.0,0.0,0
1.0,4.0,2.0,4.0,3.0,3.0,3.0,2.0,3.0,0.0,1.0,2.0,0.0,1.0,0.0,0.0,1
1.0,0.0,8.0,1.0,3.0,2.0,2.0,2.0,0.0,0.0,0.0,2.0,1.0,0.0,1.0,0.0,1
0.2519409882460929,3.251940988246093,5.0,0.2519409882460929,2.244177035261721,1.0,3.0,2.0,3.0,0.0,2.0,1.4961180235078142,2.4961180235078144,0.2519409882460929,0.0,0.0,0
0.0,0.0,4.0,0.0,2.0,2.0,3.0,2.0,3.0,2.0,0.0,2.0,1.0,1.0,1.0,0.0,0
1.0,3.0,1.0,4.0,1.0,0.0,3.0,2.0,1.0,0.0,1.0,2.0,1.0,3.0,0.0,0.0,1
0.0,4.0,4.0,4.0,3.0,2.0,3.0,2.0,3.0,0.0,1.0,2.0,1.0,3.0,0.0,0.0,1
3.0,0.0,1.553605584516797,4.0,3.0,0.8927888309664058,3.0,2.0,1.8927888309664058,1.446394415483203,1.0,1.553605584516797,1.0,1.0,0.0,0.0,0
0.0,0.0,8.0,1.0,1.0,2.0,3.0,2.0,1.0,2.0,1.0,2.0,1.0,1.0,1.0,0.0,1
0.0,4.0,4.0,0.0,0.0,2.0,3.0,1.0,3.0,1.0,1.0,0.0,0.0,1.0,0.0,0.0,0
1.0,4.0,5.0,4.0,0.0,1.0,3.0,1.0,0.0,3.0,1.0,2.0,0.0,1.0,0.0,0.0,1
1.0,4.0,2.0,2.0,0.0,2.0,0.0,2.0,3.0,0.0,1.0,0.0,0.0,3.0,0.0,0.0,0
1.0,4.0,1.0,1.0,0.0,1.0,2.0,2.0,3.0,2.0,1.0,1.0,0.0,1.0,0.0,0.0,1
3.0,2.0,8.0,4.0,4.0,1.0,3.0,2.0,3.0,1.0,1.0,2.0,1.0,1.0,0.0,0.0,0
3.0,0.2965562650640299,1.2965562650640299,4.0,1.0,1.4068874698719402,3.0,2.0,3.0,0.0,0.7034437349359701,2.0,0.7034437349359701,1.0,0.0,0.0,0
2.171853099047643,4.0,4.0,4.0,0.0,0.171853099047643,0.0,2.0,0.0,3.0,1.0,2.0,0.0,2.656293801904714,0.0,0.0,0
2.0,0.0,5.0,4.0,3.0,3.0,3.0,2.0,3.0,3.0,1.0,2.0,1.0,1.0,1.0,1.0,1
0.0,4.0,5.0,4.0,1.0,2.0,3.0,2.0,0.0,2.0,1.0,2.0,0.0,0.0,0.0,0.0,0
0.0,2.0,5.0,2.0,2.0,3.0,0.0,2.0,2.0,0.0,1.0,2.0,1.0,1.0,0.0,0.0,1
0.0,4.0,5.0,4.0,3.0,2.0,3.0,2.0,0.0,2.0,1.0,1.0,0.0,0.0,0.0,0.0,0
3.0,4.0,2.0,4.0,3.0,2.0,3.0,2.0,3.0,2.0,1.0,1.0,0.0,0.0,0.0,0.0,0
3.0,3.0,8.0,4.0,3.0,0.0,3.0,2.0,3.0,2.0,1.0,2.0,1.0,1.0,0.0,0.0,0
0.0,3.0,4.0,1.0,0.0,3.0,3.0,2.0,2.0,3.0,1.0,2.0,0.0,3.0,0.0,0.0,1
0.0,4.0,5.0,4.0,2.0,2.0,3.0,2.0,2.0,1.0,1.0,2.0,0.0,1.0,0.0,0.0,1
3.0,4.0,1.4112603900297118,4.0,0.4112603900297118,1.4112603900297118,3.0,2.0,0.0,1.0,1.0,2.0,0.0,1.0,0.5887396099702882,0.0,0
1.0,0.0,7.0,4.0,1.0,1.0,3.0,2.0,1.0,3.0,1.0,2.0,0.0,3.0,1.0,0.0,1
2.0,4.0,5.0,4.0,2.0,2.0,3.0,2.0,2.0,3.0,1.0,2.0,0.0,1.0,0.0,0.0,1
0.0,4.0,4.09226704251496,0.09226704251496054,0.0,2.0922670425149605,3.0,1.0922670425149605,3.0,1.0922670425149605,0.9077329574850395,0.09226704251496054,0.0,1.0,0.0,0.0,0
1.0,4.0,4.0,4.0,0.0,2.0,1.0,2.0,0.0,3.0,1.0,2.0,0.0,1.0,0.0,0.0,1
0.0,4.0,1.0,1.0,3.0,2.0,3.0,2.0,3.0,2.0,0.0,1.0,0.0,1.0,0.0,0.0,1
0.0,3.0,7.0,4.0,3.0,2.0,3.0,2.0,3.0,2.0,1.0,1.0,0.0,1.0,0.0,0.0,0
3.0,0.0,5.0,4.0,0.0,3.0,3.0,2.0,1.0,3.0,1.0,0.0,2.0,1.0,1.0,0.0,1
3.0,4.0,6.543117212196131,4.0,3.0,2.0,3.0,0.0,2.514372404065377,2.485627595934623,1.0,0.9712551918692458,0.0,1.0,0.0,0.0,0
1.0,0.0,4.0,4.0,2.0,0.0,1.0,2.0,1.0,2.0,1.0,1.0,2.0,1.0,0.0,0.0,1
2.3194855188571744,4.0,2.0,4.0,0.6389710377143483,1.0,2.6805144811428256,2.0,2.3194855188571744,2.3610289622856517,1.0,2.0,0.0,3.0,0.6805144811428259,0.0,0
0.0,0.0,2.0,4.0,0.0,1.0,0.0,2.0,1.0,0.0,1.0,2.0,0.0,0.0,0.0,0.0,0
1.0,4.0,4.0,4.0,1.0,2.0,3.0,2.0,0.0,0.0,1.0,2.0,0.0,1.0,0.0,0.0,0
2.0,0.0,5.0,0.0,3.0,1.0,2.0,2.0,3.0,0.0,1.0,2.0,1.0,1.0,1.0,0.0,1
1.0,0.0,4.0,4.0,0.0,2.0,3.0,2.0,0.0,1.0,1.0,2.0,1.0,1.0,0.0,0.0,1
3.0,4.0,4.0,4.0,2.0,2.0,3.0,2.0,1.0,0.0,1.0,2.0,0.0,1.0,0.0,0.0,0
0.0,0.0,1.0,0.0,4.0,0.0,3.0,2.0,3.0,0.0,1.0,2.0,0.0,1.0,0.0,0.0,1
1.0,4.0,4.0,0.0,1.0,1.0,0.0,2.0,3.0,3.0,1.0,2.0,0.0,1.0,0.0,0.0,1
0.0,0.0,1.0,4.0,4.0,2.0,3.0,2.0,0.0,0.0,1.0,2.0,1.0,0.0,0.0,0.0,1
1.0,0.0,5.0,2.0,0.0,1.0,3.0,2.0,0.0,2.0,1.0,1.0,0.0,1.0,0.0,0.0,0
1.0,0.0,2.0,4.0,0.0,2.0,0.0,2.0,0.0,2.0,1.0,2.0,1.0,1.0,0.0,0.0,1
1.0,0.0,2.0,4.0,0.0,2.0,3.0,2.0,0.0,2.0,1.0,1.0,0.0,1.0,0.0,0.0,1
1.0,0.0,5.0,3.882930155528882,0.0,0.058534922235558784,3.0,2.0,0.0,1.058534922235559,0.058534922235558784,1.941465077764441,0.9414650777644412,1.0,0.0,0.0,0
1.0,4.0,4.0,1.0,0.0,2.0,1.0,2.0,0.0,3.0,1.0,0.0,0.0,1.0,0.0,0.0,1
1.0,4.0,8.0,1.0,3.0,0.0,3.0,2.0,0.0,1.0,1.0,2.0,1.0,1.0,0.0,0.0,1
3.0,0.0,5.0,4.0,0.0,2.0,3.0,2.0,0.0,1.0,1.0,2.0,1.0,1.0,0.0,0.0,1
0.0,4.0,4.0,4.0,3.0,2.0,3.0,2.0,3.0,0.0,1.0,2.0,0.0,1.0,1.0,0.0,1
3.0,4.0,4.0,4.0,2.0,2.0,1.0,2.0,0.0,3.0,1.0,2.0,0.0,1.0,0.0,1.0,1
0.0,3.0,0.0,0.0,4.0,1.0,3.0,2.0,3.0,2.0,1.0,2.0,0.0,0.0,0.0,0.0,1
0.0,4.0,2.0,4.0,0.0,0.4756144850780777,0.0,2.0,2.7621927574609613,2.5243855149219225,1.0,2.0,0.0,1.0,0.0,0.0,0
2.0,0.0,1.0,4.0,3.0,2.0,3.0,2.0,3.0,2.0,1.0,1.0,0.0,1.0,0.0,0.0,1
0.0,4.0,5.0,1.0,0.0,2.0,0.0,2.0,0.0,1.0,1.0,2.0,0.0,1.0,0.0,0.0,0
0.0,4.0,5.0,4.0,2.0,2.0,3.0,2.0,0.0,3.0,0.0,2.0,0.0,3.0,0.0,0.0,0
1.0,0.0,4.0,1.0,3.0,2.0,3.0,2.0,0.0,1.0,1.0,0.0,1.0,3.0,0.0,0.0,1
3.0,1.0,4.0,4.0,0.0,2.0,1.9216693161260003,2.0,2.0391653419369997,2.0391653419369997,0.9608346580630002,1.0391653419369997,0.0,1.0783306838739997,0.0,0.0,0
3.0,0.0,5.0,4.0,3.0,3.0,0.0,2.0,3.0,3.0,0.0,0.0,2.0,1.0,0.0,0.0,0
0.0,3.299739233595711,5.0,0.0,1.0,0.2334202554680963,3.0,2.0,0.2334202554680963,1.2334202554680962,1.0,2.0,0.0,1.0,0.0,0.0,0
0.0,4.0,5.0,4.0,1.0,1.0,1.0,2.0,1.0,0.0,0.0,2.0,0.0,3.0,0.0,0.0,0
1.0920146217745939,4.0,5.0,1.953992689112703,0.0,1.046007310887297,0.0,2.0,0.0,1.0,1.0,2.0,0.0,1.0,0.0,0.0,0
0.0,3.0,8.0,0.0,3.0,3.0,2.0,2.0,0.0,0.0,0.0,2.0,1.0,1.0,1.0,0.0,1
3.0,0.0,5.0,1.0,2.0,3.0,3.0,2.0,1.0,3.0,1.0,2.0,1.0,3.0,1.0,0.0,1
0.0,0.0,6.0,4.0,1.0,2.0,3.0,2.0,1.0,1.0,1.0,2.0,0.0,1.0,0.0,0.0,1
1.0,2.0,3.0,4.0,0.0,2.0,3.0,2.0,0.0,0.0,1.0,2.0,1.0,1.0,0.0,0.0,1
0.4174863747960118,4.0,5.0,3.1650272504079764,0.0,1.5825136252039882,0.0,1.4174863747960118,0.0,1.5825136252039882,0.4174863747960118,2.0,0.0,1.0,0.0,0.0,0
3.0,2.0,2.0,4.0,3.0,0.0,3.0,2.0,3.0,2.0,0.0,0.0,1.0,1.0,1.0,0.0,0
3.0,2.758113792154857,5.3790568960774285,4.0,0.0,1.241886207845143,3.0,2.0,3.0,0.0,0.37905689607742854,2.0,0.6209431039225715,1.0,0.0,0.0,0
3.0,2.970982855286595,8.0,4.0,0.9854914276432976,1.0145085723567024,3.0,2.0,1.9709828552865951,0.014508572356702443,0.9854914276432976,1.9709828552865951,0.9854914276432976,1.0,0.0,0.0,0
3.0,0.7164811534178334,1.7164811534178335,4.0,2.432962306835667,2.0,3.0,2.0,3.0,0.0,0.28351884658216664,2.0,0.28351884658216664,1.0,0.0,0.0,0
1.0,0.0,4.0,1.0,3.0,2.0,3.0,2.0,0.0,0.0,1.0,2.0,0.0,1.0,0.0,0.0,1
0.7996033844490518,2.3998016922245258,8.0,4.0,2.3998016922245258,0.7996033844490518,3.0,2.0,3.0,2.3998016922245258,1.0,0.7996033844490518,0.0,0.6001983077754741,0.0,0.0,0
1.0,4.0,2.0,4.0,0.0,1.0,3.0,2.0,0.0,3.0,1.0,0.0,0.0,3.0,0.0,0.0,0
0.0,3.0,8.0,4.0,0.0,1.0,2.0,2.0,0.0,3.0,2.0,2.0,1.0,0.0,0.0,0.0,0
1.0,3.0,4.0,4.0,0.0,2.0,1.0,2.0,1.0,3.0,0.0,2.0,1.0,1.0,0.0,0.0,1
3.0,3.1130392187825824,8.0,4.0,3.0,0.226078437565165,3.0,1.773921562434835,3.0,2.0,1.0,1.773921562434835,0.8869607812174175,1.0,0.0,0.0,0
0.0,4.0,7.0,4.0,1.0,2.0,0.0,2.0,3.0,1.0,1.0,2.0,1.0,0.0,0.0,0.0,1
1.910888298900054,2.544555850549973,8.0,2.366332448350081,2.455444149450027,1.544555850549973,3.0,2.0,3.0,0.0,1.0,0.0,1.0,1.0,0.0,0.0,0
0.0,4.0,1.0,3.8582604436315835,3.8582604436315835,0.0,0.0,2.0,3.0,1.8582604436315833,1.0,0.9291302218157916,0.0,0.07086977818420837,0.0,0.0,0
1.0,4.0,5.0,1.0,0.0,0.0,3.0,2.0,0.0,2.0,1.0,2.0,0.0,1.0,0.0,0.0,1
2.0,3.0,8.0,4.0,3.0,2.0,3.0,2.0,3.0,3.0,1.0,2.0,0.0,0.0,0.0,0.0,0
3.0,4.0,7.0,4.0,3.733121136508792,2.0,0.0,2.0,2.133439431745604,2.733121136508792,1.0,2.0,0.0,1.866560568254396,0.0,0.0,0
1.0,4.0,6.0,4.0,2.0,3.0,0.0,2.0,3.0,3.0,1.0,0.0,0.0,1.0,0.0,0.0,1
1.0,4.0,8.0,2.758469526062654,0.0,1.120765236968673,2.8792347630313273,2.0,0.8792347630313271,1.2415304739373458,0.8792347630313271,2.0,1.7584695260626542,0.12076523696867292,0.0,0.0,0
1.0,0.0,5.0,4.0,1.0,3.0,0.0,2.0,2.0,3.0,1.0,2.0,0.0,1.0,1.0,0.0,1
0.9402096893547673,1.0,0.9402096893547673,0.9402096893547673,3.9402096893547673,1.8804193787095347,0.0,2.0,2.0597903106452327,2.9402096893547673,0.0,1.9402096893547673,0.05979031064523266,0.0,0.0,0.0,0
3.0,4.0,4.0,4.0,0.0,2.0,3.0,2.0,1.0,1.0,1.0,2.0,0.0,3.0,0.0,0.0,1
0.0,4.0,4.0,4.0,3.0,2.0,1.0,1.0,0.0,3.0,1.0,2.0,0.0,3.0,0.0,0.0,1
3.0,1.0,5.0,4.0,1.0,2.0,3.0,2.0,3.0,2.0,0.0,1.0,1.0,3.0,1.0,0.0,0
3.0,4.0,6.0,0.0,4.0,2.0,0.0,2.0,1.0,1.0,1.0,2.0,0.0,1.0,0.0,0.0,0
1.7645619743577086,4.0,2.0,4.0,0.0,1.0,3.0,2.0,1.5291239487154171,3.0,1.0,1.5291239487154171,0.0,3.0,0.7645619743577086,0.0,0
3.0,4.0,1.209159836772595,0.7908401632274049,3.209159836772595,3.0,2.790840163227405,2.0,2.790840163227405,1.0,1.0,1.209159836772595,0.0,1.0,0.7908401632274049,0.0,0
0.0,0.0,8.0,1.0,0.0,2.0,1.0,2.0,3.0,3.0,0.0,2.0,1.0,1.0,0.0,0.0,1
3.0,1.0,5.0,4.0,4.0,3.0,0.0,0.0,3.0,2.0,1.0,0.0,1.0,2.0,0.0,0.0,0
1.0,0.0,4.0,3.0,0.0,2.0,3.0,2.0,1.0,3.0,1.0,2.0,1.0,1.0,0.0,0.0,1
3.0,4.0,2.0,4.0,0.0,1.0,3.0,1.0,1.0,1.0,1.0,2.0,0.0,3.0,1.0,0.0,1
1.0,0.0,5.0,4.0,1.0,1.0,3.0,2.0,2.0,3.0,1.0,2.0,2.0,3.0,1.0,0.0,1
0.0,4.0,4.0,4.0,0.0,1.0,3.0,2.0,0.0,3.0,1.0,2.0,0.0,3.0,1.0,0.0,1
0.0,0.0,4.0,4.0,1.0,1.0,3.0,1.0,0.0,3.0,1.0,2.0,1.0,1.0,0.0,0.0,0
2.978819554568863,2.021180445431137,8.0,4.0,3.0105902227155683,0.9894097772844315,3.0,2.0,2.968229331853294,0.0,1.0,0.0,0.9894097772844315,0.9894097772844315,0.0,0.0,0
3.0,0.0,5.0,4.0,3.0,1.4240322518898418,3.0,1.4240322518898418,2.1519354962203163,1.0,1.0,0.8480645037796839,0.42403225188984195,1.0,0.0,0.575967748110158,0
1.0,3.0,1.0,4.0,0.0,2.0,1.0,2.0,3.0,3.0,1.0,0.0,0.0,1.0,0.0,0.0,1
1.0,0.0,2.0,4.0,2.0,0.0,2.0,2.0,0.0,0.0,1.0,2.0,1.0,0.0,0.0,0.0,1
0.7584429599600816,0.0,4.758442959960082,4.0,1.2415570400399183,1.2415570400399183,3.0,2.0,0.0,1.0,0.0,2.0,1.0,1.4831140800798368,0.0,0.0,0
0.0,4.0,4.0,4.0,0.0,2.0,1.0,1.0,0.0,3.0,1.0,2.0,0.0,3.0,0.0,0.0,1
0.0,4.0,4.959433340833425,1.0,0.0,2.9188666816668505,2.9188666816668505,2.0,2.9594333408334252,2.0405666591665748,0.04056665916657487,1.0405666591665748,0.0,1.0,0.0,0.0,0
3.0,4.0,2.0,4.0,2.0,1.0,2.0,2.0,3.0,1.0,1.0,2.0,0.0,3.0,0.0,0.0,0
1.0,0.0,5.0,4.0,0.0,2.0,3.0,2.0,3.0,0.0,1.0,2.0,2.0,1.0,0.0,0.0,1
0.0,4.0,4.0,4.0,1.0,0.0,1.0,1.0,1.0,3.0,0.0,2.0,0.0,3.0,0.0,0.0,1
0.0,0.0,5.0,3.0,0.0,2.0,0.0,2.0,3.0,0.0,1.0,2.0,1.0,1.0,0.0,0.0,1
0.0,4.0,2.0,4.0,0.0,2.0,3.0,2.0,0.0,1.0,1.0,2.0,0.0,3.0,0.0,0.0,0
1.0,0.0,0.0,4.0,4.0,2.0,3.0,0.0,0.0,2.0,0.0,2.0,1.0,0.0,0.0,0.0,1
0.0,4.0,9.0,1.0,3.0,2.0,3.0,2.0,3.0,1.0,1.0,2.0,1.0,1.0,0.0,0.0,1
1.0,4.0,5.0,1.0,2.0,1.0,3.0,2.0,1.0,1.0,1.0,2.0,0.0,0.0,1.0,0.0,1
1.0,0.0,5.0,4.0,0.0,0.0,3.0,2.0,2.0,3.0,1.0,2.0,1.0,1.0,0.0,0.0,1
0.0,0.0,5.0,4.0,4.0,2.0,1.0,2.0,0.0,0.0,1.0,2.0,1.0,0.0,0.0,0.0,0
1.0,4.0,1.0,4.0,0.0,0.0,3.0,2.0,0.0,0.0,1.0,2.0,0.0,1.0,0.0,0.0,1
0.0,0.0,4.0,4.0,3.0,2.0,3.0,2.0,0.0,1.0,1.0,2.0,1.0,3.0,0.0,0.0,1
2.0,4.0,5.0,4.0,3.0,0.0,0.0,2.0,0.0,0.0,1.0,2.0,0.0,0.0,0.0,0.0,1
1.0,4.0,2.0,2.0,0.0,3.0,3.0,2.0,0.0,0.0,1.0,2.0,0.0,1.0,0.0,0.0,1
2.0322053282014982,4.0,4.032205328201498,4.0,0.0,0.06441065640299626,0.0,2.0,0.0,3.0,1.0,2.0,0.0,3.0,0.0,0.0,0
0.0,4.0,8.0,4.0,0.0,1.117315564183194,3.0,2.0,0.0,0.0,1.0,2.0,0.0,1.0,0.11731556418319389,0.0,0
1.0,4.0,5.0,1.0,1.0,2.0,3.0,2.0,1.0,1.0,1.0,2.0,0.0,1.0,0.0,1.0,1
3.0,0.0,2.0,4.0,2.0,2.0,0.0,2.0,3.0,1.0,1.0,0.0,0.0,1.0,0.0,0.0,1
0.0,4.0,4.0,4.0,2.0,2.0,1.0,2.0,1.0,0.0,1.0,0.0,0.0,0.0,0.0,0.0,1
3.0,4.0,5.0,1.0,0.0,2.0,0.0,2.0,3.0,3.0,1.0,0.0,0.0,1.0,0.0,0.0,0
1.0,4.0,7.0,1.0,0.0,1.0,3.0,2.0,3.0,2.0,1.0,1.0,0.0,3.0,1.0,0.0,1
3.0,4.0,5.0,4.0,0.6900250201912274,1.3099749798087728,2.3099749798087728,2.0,1.0,0.0,1.0,2.0,0.0,1.6199499596175453,0.0,0.0,0
2.0,4.0,2.0,4.0,0.0,3.0,0.0,2.0,0.0,0.0,1.0,2.0,0.0,3.0,0.0,0.0,1
1.6833962297294642,3.0,8.0,4.0,1.658301885135268,2.316603770270536,2.341698114864732,2.0,2.0,0.0,1.0,2.0,1.0,1.0,0.0,0.0,0
3.0,0.0,3.0,0.0,3.0,0.0,3.0,1.0,3.0,3.0,1.0,2.0,1.0,1.0,1.0,1.0,1
1.0,4.0,5.0,4.0,0.0,0.0,3.0,2.0,0.0,3.0,1.0,2.0,0.0,3.0,1.0,1.0,1
0.0,4.0,2.0,1.0,0.0,3.0,0.0,2.0,3.0,1.0,1.0,2.0,0.0,3.0,0.0,0.0,1
3.0,0.0,5.0,4.0,0.0,2.0,1.0,1.0,0.0,1.0,0.0,0.0,1.0,1.0,0.0,1.0,0
2.0360338174285695,4.0,4.036033817428569,4.0,0.0,0.07206763485713896,0.0,2.0,0.0,3.0,1.0,2.0,0.0,3.0,0.0,0.0,0
3.0,4.0,4.0,4.0,0.0,2.0,0.0,2.0,3.0,0.0,0.0,0.0,1.0,1.0,0.0,0.0,0
3.0,4.0,3.095955607099042,4.0,2.095955607099042,2.904044392900958,2.095955607099042,2.0,2.095955607099042,2.095955607099042,0.09595560709904227,2.0,0.0,3.0,0.0,0.0,0
2.1642200038798576,4.0,4.0,4.0,0.0,1.0,0.0,2.0,0.0,3.0,1.0,2.0,0.0,1.0,0.0,0.0,0
1.0,4.0,2.0,4.0,3.0,2.0,3.0,2.0,0.0,3.0,1.0,2.0,1.0,1.0,0.0,0.0,1
0.0,4.0,2.0,3.0,2.0,2.0,0.0,2.0,2.0,3.0,1.0,2.0,0.0,1.0,0.0,0.0,1
0.0,4.0,3.0,4.0,2.0,0.0,1.0,2.0,2.0,1.0,1.0,2.0,0.0,3.0,0.0,0.0,1
3.0,4.0,1.0,4.0,1.9552930057528322,1.0447069942471678,3.0,2.0,3.0,2.0,1.0,1.0,1.0447069942471678,1.0,0.5223534971235839,0.0,0
1.0,0.0,5.0,4.0,4.0,3.0,0.0,2.0,0.0,1.0,1.0,2.0,0.0,2.0,0.0,0.0,1
0.0,2.0,8.0,4.0,0.0,1.0,3.0,2.0,0.0,0.0,2.0,2.0,0.0,1.0,0.0,0.0,0
1.0,4.0,4.0,4.0,3.0,2.0,3.0,2.0,0.0,0.0,1.0,2.0,0.0,1.0,0.0,0.0,1
0.0,3.488681017453544,1.511318982546456,4.0,3.0,2.0,1.022637965092912,2.0,0.511318982546456,2.0,1.0,1.511318982546456,0.0,0.0,0.0,0.0,0
0.0,0.0,4.0,4.0,3.0,1.0,3.0,2.0,3.0,3.0,1.0,2.0,2.0,3.0,0.0,0.0,1
0.0,4.0,2.0,4.0,0.0,2.0,2.0,2.0,0.0,0.0,1.0,2.0,0.0,3.0,0.0,0.0,1
0.0,3.151822023128301,8.0,0.0,2.151822023128301,2.0,2.4240889884358494,2.0,1.2722669653075478,0.8481779768716986,1.0,0.4240889884358493,0.5759110115641507,3.0,0.4240889884358493,0.0,0
0.0,4.0,4.0,3.0,1.0,3.0,3.0,0.0,0.0,2.0,0.0,2.0,1.0,1.0,0.0,0.0,0
0.0,4.0,0.0,4.0,0.0,1.0,3.0,0.0,1.0,0.0,0.0,2.0,1.0,0.0,0.0,0.0,0
0.0,4.0,5.0,0.0,0.0,1.0,3.0,2.0,0.0,0.0,1.0,2.0,1.0,1.0,0.0,0.0,1
3.0,4.0,4.0,4.0,3.0,2.0,0.0,2.0,3.0,0.0,1.0,2.0,0.0,1.0,0.0,0.0,1
0.0,4.0,1.0,4.0,0.2469895093668184,3.0,0.1234947546834092,2.0,3.0,0.0,1.0,0.0,0.8765052453165908,0.0,0.0,0.0,0
3.0,4.0,2.0,4.0,3.0,2.0,3.0,2.0,0.5434528852107091,1.1811509617369031,1.0,0.18115096173690304,0.0,0.0,0.0,0.0,0
3.0,0.0,5.0,4.0,2.0,1.0,3.0,2.0,3.0,3.0,1.0,2.0,0.0,3.0,1.0,1.0,1
1.0,4.0,4.0,4.0,2.0,1.0,0.0,2.0,0.0,0.0,0.0,2.0,0.0,1.0,0.0,0.0,1
2.895372111257526,4.0,5.0,4.0,1.0,2.0,3.0,2.0,2.790744222515052,2.0,0.8953721112575259,1.0,0.0,1.0,1.0,0.0,0
1.0,4.0,4.0,0.0,1.0,0.0,3.0,2.0,2.0,2.0,1.0,2.0,0.0,1.0,0.0,0.0,1
0.0,4.0,2.2649752695159657,0.0,0.0,1.1324876347579829,0.3974629042739489,0.13248763475798297,3.0,0.13248763475798297,0.13248763475798297,0.0,0.0,1.0,0.0,0.0,0
2.8466121357783263,4.0,2.0,3.8466121357783263,0.0,1.0766939321108369,0.0,2.0,3.0,0.0,1.0,0.0,0.0,1.1533878642216737,0.0,0.0,0
0.0,4.0,8.0,3.0,0.0,2.0,3.0,2.0,0.0,1.0,1.0,2.0,0.0,3.0,0.0,0.0,1
2.94315192356676,4.0,4.943151923566759,4.0,0.0,2.0,3.0,2.0,0.9431519235667597,0.0,1.0,2.0,0.0,2.8863038471335196,0.0,0.0,0
3.0,4.0,4.279067948228598,1.0,0.7209320517714016,2.0,0.2790679482285984,2.0,0.7209320517714016,0.0,1.0,2.0,0.0,0.2790679482285984,0.0,0.0,0
0.0,4.0,1.0,4.0,0.0,1.0,3.0,2.0,0.0,0.0,1.0,0.0,0.0,0.0,0.0,0.0,1
3.0,4.0,5.9021555155059655,4.0,0.09784448449403405,0.09784448449403405,3.0,2.0,2.902155515505966,0.0,1.0,2.0,0.0,1.0,0.0,0.0,0
1.0,0.0,7.0,4.0,0.0,2.0,3.0,2.0,0.0,0.0,1.0,2.0,1.0,1.0,0.0,0.0,1
0.0,4.0,4.0,4.0,3.0,2.0,0.0,2.0,3.0,3.0,1.0,2.0,0.0,1.0,0.0,0.0,1
1.0,0.0,4.0,0.0,3.0,0.0,3.0,2.0,3.0,3.0,1.0,2.0,0.0,1.0,1.0,0.0,1
0.0,4.0,4.0,4.0,1.0,2.0,0.0,1.0,0.0,3.0,1.0,2.0,0.0,3.0,0.0,0.0,1
0.0,4.0,0.0,1.0,4.0,0.0,3.0,2.0,3.0,2.0,0.0,1.0,0.0,2.0,0.0,0.0,1
3.0,4.0,7.0,4.0,2.0,2.0,0.0,2.0,3.0,1.0,1.0,2.0,0.0,1.0,0.0,0.0,0
1.0,4.0,1.0,0.0,3.0,2.0,3.0,2.0,0.0,0.0,1.0,2.0,0.0,0.0,0.0,0.0,1
1.0,4.0,4.0,4.0,2.0,0.0,0.0,2.0,2.0,3.0,1.0,2.0,0.0,1.0,0.0,0.0,1
3.0,4.0,1.1850335206297526,0.8149664793702474,3.1850335206297524,0.5551005618892582,2.8149664793702476,2.0,2.8149664793702476,1.8149664793702474,1.0,1.1850335206297526,0.0,1.0,0.0,0.0,0
0.0,4.0,4.0,1.0,0.0,1.0,1.0,2.0,2.0,3.0,1.0,2.0,0.0,1.0,0.0,0.0,0
1.0,0.0,1.0,1.0,3.0,2.0,3.0,2.0,1.0,0.0,1.0,2.0,1.0,1.0,1.0,0.0,1
3.0,4.0,2.0,4.0,0.0,1.0,3.0,0.0,1.0,0.0,1.0,2.0,0.0,1.0,0.0,0.0,0
1.0,0.0,1.0,1.0,0.0,1.0,3.0,2.0,3.0,1.0,1.0,2.0,1.0,0.0,1.0,0.0,1
0.0,0.0,2.0,4.0,3.0,3.0,3.0,2.0,3.0,0.0,1.0,0.0,2.0,1.0,0.0,0.0,1
0.0,0.0,5.0,4.0,3.0,2.0,3.0,2.0,3.0,0.0,1.0,2.0,0.0,1.0,1.0,0.0,0
1.0,4.0,1.0,4.0,1.0,1.0,3.0,2.0,0.0,0.0,1.0,2.0,0.0,1.0,0.0,0.0,1
3.0,4.0,4.0,4.0,0.0,1.0,3.0,2.0,0.0,3.0,1.0,0.0,0.0,0.0,1.0,0.0,1
0.0,3.54385943319952,4.54385943319952,0.5438594331995203,3.0877188663990407,2.54385943319952,3.0,2.0,0.45614056680047965,1.4561405668004797,1.4561405668004797,2.0,0.45614056680047965,1.0877188663990407,0.0,0.0,0
0.0,3.0,0.0,4.0,0.0,1.0,3.0,2.0,1.0,0.0,0.0,2.0,1.0,1.0,0.0,0.0,1
1.0,0.0,4.0,1.0,3.0,2.0,0.0,2.0,0.0,3.0,1.0,2.0,1.0,1.0,0.0,0.0,1
2.903983954928237,2.0,4.903983954928237,4.0,2.903983954928237,2.0,3.0,2.0,0.903983954928237,0.0,1.0,0.19203209014352596,1.0,0.903983954928237,0.903983954928237,0.0,0
0.0,1.0,7.945301533479079,4.0,2.890603066958159,2.0,0.0,2.0,1.109396933041841,2.0,0.9453015334790795,0.054698466520920475,0.0,1.109396933041841,0.0,0.0,0
0.0,0.0,4.0,4.0,0.0,2.0,1.0,2.0,0.0,0.0,1.0,2.0,0.0,1.0,0.0,0.0,0
1.0,3.381519740487252,6.855440778538243,1.0,1.2369605190254958,1.6184802595127479,3.0,2.0,3.0,0.0,1.3815197404872521,0.0,1.0,1.0,0.0,0.0,0
3.0,4.0,5.0,4.0,1.0,2.0,0.0,2.0,3.0,0.0,1.0,0.0,1.0,1.0,0.0,0.0,0
1.0,0.0,5.0,4.0,0.0,2.0,0.0,2.0,1.0,3.0,1.0,2.0,1.0,1.0,0.0,0.0,1
2.0,4.0,4.0,4.0,1.0,2.0,3.0,2.0,0.0,0.0,0.0,2.0,0.0,1.0,0.0,0.0,1
0.6481070038069574,3.296214007613915,2.0,4.0,2.0,1.3518929961930426,0.0,0.7037859923860852,0.3518929961930426,0.3518929961930426,1.0,0.0,1.0,1.0,0.0,0.0,0
3.0,0.3374773817642399,5.0,4.0,2.32504523647152,2.0,3.0,2.0,3.0,0.6749547635284798,0.6625226182357601,1.66252261823576,1.0,3.0,0.3374773817642399,0.0,0
1.0,0.0,1.0,4.0,1.0,2.0,3.0,2.0,1.0,0.0,1.0,2.0,1.0,1.0,0.0,0.0,1
0.0,4.0,3.0,0.0,0.0,2.0,3.0,1.0,0.0,3.0,1.0,2.0,0.0,1.0,0.0,0.0,1
1.0,3.0,4.0,4.0,0.0,2.0,0.0,2.0,3.0,3.0,1.0,2.0,1.0,1.0,0.0,0.0,1
1.0,0.0,5.0,4.0,0.6832813355476804,0.6832813355476804,3.0,2.0,0.0,1.0,0.0,2.0,1.0,1.0,0.0,0.0,0
3.0,4.0,2.0,4.0,2.0,2.0,0.0,2.0,3.0,3.0,1.0,0.0,0.0,3.0,0.0,0.0,0
0.0,4.0,4.0,4.0,0.0,0.0,3.0,1.0,0.0,3.0,1.0,2.0,0.0,1.0,0.0,0.0,1
1.0,3.0,4.0,4.0,1.0,1.0,3.0,2.0,3.0,0.0,1.0,2.0,1.0,1.0,0.0,0.0,1
3.0,4.0,3.3329850684174493,4.0,0.0,1.6664925342087247,0.0,2.0,3.0,0.0,0.3335074657912753,0.0,0.6664925342087247,1.0,0.0,0.0,0
3.0,4.0,2.0,4.0,0.0,2.0,3.0,1.0,2.0,1.0,1.0,2.0,0.0,3.0,0.0,0.0,1
0.0,4.0,2.0,4.0,2.0,0.0,0.0,2.0,2.0,3.0,1.0,0.0,0.0,0.0,0.0,0.0,1
1.0,0.0,4.0,4.0,1.0,2.0,0.0,2.0,3.0,0.0,1.0,0.0,0.0,0.0,0.0,0.0,1
3.0,0.0,0.0,4.0,3.0,0.0,3.0,2.0,3.0,2.0,0.0,1.0,1.0,0.0,1.0,0.0,1
3.0,3.0,5.0,4.0,0.0,0.0,3.0,2.0,3.0,2.0,1.0,1.0,1.0,1.0,1.0,0.0,0
1.0,0.0,2.0,1.0,0.0,3.0,1.0,2.0,0.0,1.0,1.0,2.0,1.0,1.0,0.0,0.0,1
0.0,4.0,1.0,4.0,2.0,3.0,1.0,2.0,3.0,0.0,1.0,0.0,0.0,0.0,0.0,0.0,0
3.0,4.0,5.0,4.0,2.0,2.0,0.0,2.0,1.0,0.0,1.0,0.0,0.0,1.0,0.0,0.0,0
3.0,4.0,5.0,4.0,1.8025190016072175,2.0,3.0,2.0,3.0,2.0,0.5987404991963913,1.0,0.0,0.5987404991963913,0.5987404991963913,0.0,0
3.0,1.2007974126476082,1.7992025873523918,4.0,2.200797412647608,0.7992025873523917,2.200797412647608,2.0,2.200797412647608,1.2007974126476082,0.2007974126476083,1.7992025873523918,0.2007974126476083,1.0,0.2007974126476083,0.0,0
0.40897309912950874,4.0,4.408973099129509,0.40897309912950874,0.0,1.5910269008704914,3.0,1.4089730991295086,3.0,0.5910269008704913,1.4089730991295086,0.0,0.40897309912950874,1.0,0.0,0.0,0
1.8181081907461232,0.0,2.0,4.0,1.1818918092538768,1.4090540953730617,0.0,2.0,3.0,1.8181081907461232,1.0,0.0,1.0,1.0,0.0,0.0,0
0.0,4.0,1.0,4.0,3.0,2.0,0.0,2.0,0.0,2.0,1.0,1.0,0.0,0.0,0.0,0.0,0
0.0,0.0,2.0,4.0,3.0,1.0,3.0,2.0,2.0,2.0,1.0,2.0,0.0,1.0,0.0,0.0,1
3.0,4.0,4.0,4.0,4.0,2.0,3.0,2.0,0.0,0.0,2.0,2.0,0.0,0.0,1.0,0.0,0
0.9103969657613946,4.0,4.0,0.08960303423860538,3.089603034238605,1.0,3.0,2.0,2.910396965761395,0.17920606847721077,1.0,2.0,0.9103969657613946,0.9103969657613946,0.0,0.0,0
3.0,0.0,1.0,4.0,3.0,1.0,0.0,2.0,3.0,2.0,1.0,1.0,1.0,0.0,1.0,0.0,1
1.0,4.0,1.0,4.0,1.0,0.0,3.0,2.0,1.0,0.0,1.0,2.0,0.0,0.0,0.0,0.0,1
1.0,0.0,1.0,1.0,4.0,1.0,3.0,2.0,3.0,2.0,1.0,2.0,0.0,0.0,0.0,0.0,1
1.0,0.0,4.0,4.0,0.0,2.0,0.0,2.0,0.0,0.0,1.0,2.0,0.0,3.0,0.0,0.0,1
